"id","name","taal","abartan","tableWidth"
"00001","কান্নাহাসির-দোল-দোলানো","দাদরা","১",17
"00002","সুরের গুরু, দাও গো সুরের দীক্ষা","দাদরা","১",19
"00003","নিশীথশয়নে ভেবে রাখি মনে,","তেওড়া","১",23
"00004","আমারে তুমি অশেষ করেছ","ঝম্পক","২",15
"00005","জাগ' জাগ' রে জাগ' সঙ্গীত","দাদরা","২",21
"00006","আমার না-বলা বাণীর ঘন যামিনীর মাঝে","দাদরা","১",17
"00007","আলোকের এই ঝর্নাধারায়","দাদরা","১",17
"00009","আমি তোমায় যত শুনিয়ে ছিলাম গান","দাদরা","১",22
"00011","প্রভু আমার, প্রিয় আমার পরম ধন হে","দাদরা","১",17
"00012","তোমারি ঝরনাতলার নির্জনে","দাদরা","২",17
"00013","তোমার দ্বারে কেন আসি","দাদরা","২",17
"00014","তোমায় নতুন করে পাব ব'লে","কাহারবা","২",26
"00015","প্রভু তোমা লাগি আঁখি জাগে;","কাওয়ালি(৪/৪/৪/৪)","১",21
"00016","তুমি কেমন করে গান করো হে গুণী,","কাহারবা","২",21
"00017","বিশ্ব যখন নিদ্রামগন, গগন অন্ধকার,","দাদরা","১",17
"00018","জীবন যখন শুকায়ে যায় করুণাধারায় এসো","দাদরা","১",17
"00019","যা হারিয়ে যায় তা আগলে ব'সে রইব কত আর?","দাদরা","১",21
"00020","নিভৃত প্রাণের দেবতা","দাদরা","১",17
"00021","প্রভু বলো বলো কবে","দাদরা","২",17
"00022","এমন দিনে তারে বলা যায়","তালমুক্ত","১",21
"00024","পুরানো সেই দিনের কথা","একতালা","১",17
"00026","একটুকু ছোঁওয়া লাগে","অখন্ড ৬ মাত্রা","২",18
"00027","এ পথে আমি-যে গেছি","দাদরা","২",17
"00029","অরুপ,তোমার বাণী","দাদরা","২",18
"00030","তুমি আমায় ডেকেছিলে ছুটির নিমন্ত্রনে","দাদরা","২",20
"00031","সবার সাথে চলতেছিল","দাদরা","১",17
"00032","আনন্দলোকে মঙ্গলালোকে","একতালা","১",17
"00034","তোমার কথা হেথা কেহ তো বলে না","একতালা","১",21
"00035","মোর বীণা ওঠে কোন্","কাহারবা","২",26
"00036","পথে চলে যেতে যেতে","অর্দ্ধঝাঁপ","২",15
"00038","ওহে সুন্দর, মম গৃহে আজি","দাদরা","১",21
"00040","তোমর সুরের ধারা ঝরে যেথায় তারি পারে","দাদরা","১",17
"00041","তুমি যে সুরের আগুন লাগিয়ে দিলে","দাদরা","২",25
"00042","তোমার বীণা আমার মনোমাঝে","ঝম্পক","২",15
"00043","তোমার নয়ন আমায় বারে বারে","দাদরা","২",17
"00044","গানে গানে তব বন্ধন যাক টুটে","দাদরা","২",20
"00045","আমার সুরে লাগে তোমার হাসি","দাদরা","১",21
"00046","আমার বেলা যে যায় সাঁঝ-বেলাতে","দাদরা","২",21
"00047","জীবনমরণের সীমানা ছাড়ায়ে","দাদরা","২",23
"00048","যারা  কথা দিয়ে তোমার কথা বলে","কাহারবা","২",29
"00049","কূল থেকে মোর গানের তরী","দাদরা","২",17
"00050","তোমার কাছে এ বর মাগি","দাদরা","২",17
"00051","কেন তোমরা আমায় ডাকো","দাদরা","২",21
"00052","দাড়িঁয়ে আছ তুমি আমার গানের ও পারে","দাদরা","১",21
"00053","রাজপুরীতে বাজায় বাঁশি","তিনতালা","১",21
"00054","হেথা যে গান গাইতে আসা,","কাহারবা","২",26
"00055","আমি হেথায় থাকি শুধু গাইতে তোমার গান","তেওড়া","২",21
"00056","গানের সুরের আসনখানি","কাহারবা","১",21
"00057","সুর ভুলে যেই ঘুরে বেড়াই","দাদরা","২",17
"00058","গানের ভিতর দিয়ে যখন","দাদরা","২",17
"00059","খেলার ছলে সাজিয়ে আমার","কাহারবা","১",21
"00060","যতখন তুমি আমায় বসিয়ে রাখ বাহির-বাটে","দাদরা","২",21
"00061","আমার যে গান তোমার পরশ","দাদরা","২",21
"00062","গানের ঝর্র্নাতলায় তুমি","দাদরা","২",19
"00064","আমার ঢালা গানের ধারা","ষষ্ঠী(২/৪)","২",17
"00065","কবে আমি বাহির হলেম","দাদরা","২",21
"00066","তোমায় আমায় মিলন হবে","দাদরা","১",17
"00067","প্রভু,   তোমার বীণা যেমনি বাজে","দাদরা","২",24
"00068","তুমি একলা ঘরে বসে বসে","তিনতালা","১",24
"00069","শধু তোমার বাণী নয় গো, হে বন্ধু, হে প্রিয়","তালমুক্ত","১",15
"00071","মোর হৃদয়ের গোপন বিজন ঘরে","দাদরা","২",17
"00072","মোর প্রভাতের এই প্রথম --","দাদরা","২",20
"00073","মালা হতে খসে-পড়া ফুলের","দাদরা","২",17
"00074","এত আলো জ্বালিয়েছ এই গগনে","দাদরা","২",21
"00075","কার হাতে এই মালা তোমার","কাহারবা","২",21
"00076","বল তো এই বারের মতো","দাদরা","২",21
"00078","ধীরে বন্ধু,গো,ধীরে ধীরে","অখন্ড ৬ মাত্রা","২",15
"00079","এবার আমায় ডাকলে দূরে","দাদরা","২",19
"00080","দুঃখের বরষায় চক্ষের জল যেই নামল","কাহারবা","২",21
"00081","সে দিনে আপদ আমার","দাদরা","২",17
"00082","আমার হিয়ার মাঝে লুকিয়ে","দাদরা","১",24
"00083","কেন চোখের জলে ভিজিয়ে","দাদরা","২",17
"00084","আমায় বাঁধবে যদি কাজের ডোরে","কাহারবা","২",21
"00085","ওদের সাথে মেলাও যারা","দাদরা","২",26
"00086","আমার হৃদয় তোমার আপন হাতে","দাদরা","১",21
"00087","ভেঙে মোর ঘরের চাবি","দাদরা","১",17
"00088","তোমায় কিছু দেব ব'লে চায় যে আমার মন","তিনতালা","১",26
"00089","আমার অভিমানের বদলে ----","দাদরা","২",21
"00090","তুমি খুশি থাকো","দাদরা","২",21
"00091","আমার সকল রসের ধারা","তিনতালা","১",21
"00092","রাত্রি এসে যেথায় মেশে","দাদরা","১",25
"00093","আমার খেলা যখন ছিল তোমার চরন সনে","দাদরা","২",21
"00094","সীমার  মাঝে অসীম তুমি","দাদরা","১",17
"00095","আজি যত তারা তব আকাশে","কাওয়ালি(৪/৪)","২",21
"00096","আমি কেমন করিয়া জানাব","একতালা","১",17
"00097","তুমি বন্ধু তুমি নাথ","একতালা","১",17
"00098","ও অকূলের কূল","একতালা","১",17
"00099","আমার মাঝে তোমারি মায়া","দাদরা","২",18
"00100","ভুলে যাই","দাদরা(৩/৩)","২",17
"00101","তোমার এই মাধুরী ছাপিয়ে আকাশ ঝরবে,","একতালা","১",21
"00102","এরে ভিখারি সাজায়ে","দাদরা","২",17
"00103","আপনাকে এই জানা আমার","দাদরা","২",17
"00104","তুমি যে এসেছ মোর ভবনে","দাদরা","২",21
"00105","তুমি যে চেয়ে আছ","দাদরা","২",17
"00107","অসীম ধন তো আছে তোমার","দাদরা","১",21
"00108","যদি    আমায় তুমি বাঁচাও, তবে","দাদরা","২",21
"00109","যিনি সকল কাজের কাজী","দাদরা","২",20
"00110","আমরা তারেই জানি","দাদরা","১",17
"00111","যা হবার তা হবে","দাদরা","২",28
"00113","হে মোর দেবতা","দাদরা","১",17
"00116","সভায়  তোমার থাকি সবার শাসনে","দাদরা","২",21
"00117","তোমার প্রেমে ধন্য কর যারে","তেওড়া","২",21
"00118","লুকিয়ে আস আঁধার রাতে","কাহারবা","২",21
"00119","তুমি কি এসেছ মোর দ্বারে","কাহারবা","১",21
"00122","ধায় যেন মোর সকল ভালোবাসা","দাদরা","২",17
"00126","গাব তোমার সুরে দাও সে বীনা যন্ত্র","দাদরা","২",17
"00128","বাজাও আমারে বাজাও","দাদরা","২",21
"00129","তুমি যত ভার দিয়েছ সে ভার","একতালা","১",21
"00131","যদি এ আমার হৃদয়দুয়ার","ঝাঁপ","১",15
"00132","তোমারি রাগিণী জীবনকুঞ্জে","তেওড়া","১",21
"00133","চরণ ধরিতে দিয়ো গো আমারে","অর্ধঝাঁপ","২",17
"00134","তোমারি নাম বলব নানা ছলে","ত্রিতাল(৪/৪/৪/৪)","১",21
"00135","আমার এ ঘরে আপনার করে","তিনতালা","১",21
"00136","সংসারে তুমি রাখিলে মোরে যে ঘরে","ঝাঁপ","১",15
"00137","আমার মুখের কথা তোমার","দাদরা","১",17
"00138","প্রাণ ভরিয়ে তৃষা হরিয়ে","দাদরা","২",20
"00139","বল দাও মোরে বল দাও","একতালা","১",21
"00140","অন্তর মম বিকশিত করো","একতালা","১",19
"00141","আমার বিচার তুমি করো তব","তেওড়া","১",24
"00142","তোমারি ইচ্ছা হউক পূর্ণ","একতালা","১",21
"00144","হে মহাজীবন, হে মহামরণ","কাহারবা","১",21
"00145","পথে যেতে ডেকেছিলে মোরে","কাহারবা","২",21
"00146","দুয়ারে দাও মোরে রাখিয়া","একাদশী","১",16
"00147","ধনে জনে আছি জড়ায়ে","দাদরা","১",17
"00148","তোমারি সেবক করো হে","দাদরা","১",19
"00149","তুমি এবার আমায় লহো হে নাথ,","দাদরা","২",24
"00150","হৃদয়ে তোমার দয়া যেন পাই","দাদরা","১",26
"00151","ভুবনেশ্বর হে","একতালা","১",21
"00153","ভয় হতে  তব অভয়মাঝে","দাদরা","১",19
"00154","পাদ প্রান্তে রাখ' সেবকে,","একতালা","১",19
"00155","বরিষ ধরা-মাঝে শান্তির বারি","তিনতালা","১",25
"00156","সার্থক কর সাধন","দাদরা","১",17
"00157","আমার মিলন লাগি তুমি","দাদরা","২",24
"00158","কোথায় আলো, কোথায় ওরে আলো","ঝম্পক","১",15
"00159","তোরা শুনিস নি কি শুনিস নি তার পায়ের ধ্বনি,","যৎ(৩/৪/৩/৪)","১",24
"00161","তোমার পূজার ছলে","দাদরা","৩",25
"00162","নীরবে আছ কেন বাহির দুয়ারে","তেওড়া","১",21
"00163","তোমার আমার এই বিরহের","দাদরা","১",17
"00164","নিশা অবসানে কে দিল","দাদরা","১",17
"00166","যে দিন ফুটল কমল কিছুই","দাদরা","২",24
"00168","যদি তোমার দেখা না পাই,","দাদরা","১",21
"00170","আমার গোধূললিলগন এল বুঝি কাছে","দাদরা","২",17
"00171","নাই বা ডাকো রইব তোমার দ্বারে","দাদরা","২",17
"00172","সকাল-সাঁজে  ধায় যে ওরা","দাদরা","২",23
"00173","জগত জুড়ে উদার সুরে","দাদরা","২",21
"00174","কোন্ শুভখনে উদিবে নয়নে","একতালা","১",17
"00175","আজ জ্যোৎস্নারাতে সবাই গেছে বনে","দাদরা","২",21
"00176","তুমি এ-পার ও-পার কর কে গো ওগো খেয়ার নেয়ে?","দাদরা","২",17
"00177","বেলা গেলে তোমার পথ চেয়ে","একতালা","১",21
"00178","তোর ভিতরে জাগিয়া কে যে","দাদরা","১",17
"00179","তুমি বাহির থেকে দিলে","দাদরা","২",20
"00180","এখনো গেল না আঁধার","তিনতালা","১",21
"00181","লক্ষ্মী যখন আসবে তখন কোথায় তারে দিবি রে ঠাঁই  - সুরান্তর","দাদরা","২",19
"00182","যেতে যেতে চায় না যেতে, ফিরে ফিরে চায়","ঝাঁপ","১",15
"00183","বেসুর বাজে রে","দাদরা","২",25
"00184","আমার কন্ঠ তাঁরে ডাকে","দাদরা","১",24
"00186","ক্লান্তি আমার ক্ষমা করো প্রভু,","দাদরা","২",17
"00187","অগ্নিবীণা বাজাও তুমি কেমন","তেওড়া","২",21
"00188","পথ চেয়ে যে কেটে গেল কত দিনে রাতে","আড়াঠেকা","১",26
"00189","সন্ধ্যা হল গো, ও মা","দাদরা","১",17
"00190","তুমি ডাক দিয়েছ","দাদরা","১",19
"00192","সকল জনম ভরে","তালমুক্ত","১",20
"00193","আমার ব্যথা যখন আনে আমায়","দাদরা","১",20
"00194","যতবার আলো জ্বালাতে চাই,","একতালা(৩/৩/৩/৩)","১",17
"00195","আবার এরা ঘিরেছে মোর মন","ঝম্পক","৩",25
"00196","তুমি নব নব রূপে এসো","তিনতালা","১",24
"00197","হৃদয়নন্দনবনে নিভৃত এ নিকেতনে","ঝাঁপ","১",20
"00198","বসে আছি হে কবে শুনিব","একতালা","১",19
"00199","ডাকিছ শুনি জাগিনু প্রভু","একতালা","১",19
"00201","আজি মম মন চাহে জীবনবন্ধুরে","দাদরা","১",19
"00202","আমার মন তুমি নাথ, লবে হ'রে","ঝাঁপ","১",20
"00203","ঘাটে বসে আছি আনমনা","একতালা","১",17
"00204","এই মলিন বস্ত্র ছাড়তে হবে","দাদরা","১",17
"00205","নিবিড় ঘন আঁধারে","নবতাল","১",27
"00206","প্রতিদিন তব গাথা গাব আমি সুমধুর","সুরফাঁক","১",14
"00208","প্রতিদিন আমি হে জীবনস্বামী","ঝাঁপ","১",17
"00209","জাগিতে হবে রে","চৌতাল(২/২/২/২/২/২)","১",19
"00210","আমার যা আছে আমি সকল","একতালা","১",17
"00213","আপনারে দিয়ে রচিলি রে কি","দাদরা","২",17
"00214","বাঁধন ছেঁড়ার সাধন হবে","কাহারবা","১",21
"00215","আমার মুক্তি যদি","কাহারবা","২",21
"00218","সহজ হবি, সহজ হবি, ওরে মন, সহজ হবি","দাদরা","২",23
"00219","এই কথাটা ধরে রাখিস","দাদরা","২",17
"00220","সেই তো আমি চাই, চাই রে","তেওড়া","২",24
"00221","আর রেখো না আঁধারে, আমায়","দাদরা","২",17
"00222","দুঃখের তিমিরে যদি জ্বলে তব মঙ্গল-আলোক","দাদরা","৩",25
"00223","আমার আঁধার ভালো","দাদরা","১",17
"00224","দুঃখ আমার অসীম পাথার","দাদরা","১",17
"00225","যারে নিজে তুমি ভাসিয়েছিলে","দাদরা","২",17
"00226","আমায় দাও গো ব'লে-","কাহারবা","১",21
"00227","তোর  শিকল আমায় বিফল করবে না","দাদরা","১",22
"00228","আমি  মারের সাগর পাড়ি দেব","কাহারবা","১",24
"00229","বাহিরে ভুল হানবে যখন","দাদরা","২",19
"00230","অন্তরে জাগিছ অন্তরযামী","ঝাঁপ","১",18
"00231","আগুনের পরশমণি ছোঁয়াও প্রাণে","দাদরা","২",23
"00232","আঘাত করে নিলে জিনে","কাহারবা","২",21
"00233","আছে দুঃখ, আছে মৃত্যু","একতালা","১",17
"00234","আজি বিজন ঘরে নিশীথরাতে","একতালা","১",17
"00235","আনন্দ তুমি স্বামি","সুরফাঁক","১",14
"00236","আমার যে আসে কাছে","দাদরা","২",24
"00237","আমার সকল দুখের প্রদীপ","কাহারবা","১",21
"00238","আমি বহু বাসনায় প্রাণপণে চাই","একতালা","১",17
"00239","আমি হৃদয়েতে পথ কেটেছি, সেথায় চরণ পড়ে,","দাদরা","২",19
"00240","আরো আঘাত সইবে আমার","যৎ(৪/৪/৪/৪)","১",21
"00241","আরো আরো , প্রভু, আরো আরো","খেমটা","১",22
"00242","এই করেছে ভালো,","দাদরা","১",17
"00243","এই- যে কালো মাটির বাসা শ্যামল সুখের ধরা-","দাদরা","২",18
"00244","এক হাতে ওর কৃপাণ আছে","দাদরা","২",17
"00245","ও নিঠুর, আরো কি বাণ তোমার তুণে আছে","কাহারবা","২",26
"00246","আলো যে যায় রে দেখা","কাহারবা","২",23
"00247","ওগো আমার প্রাণের ঠাকুর","দাদরা","২",17
"00248","ওরে, কে রে এমন জাগায় তোকে?","কাহারবা","২",21
"00249","ওরে ভীরু, তোমার হাতে নাই ভুবনের ভার","দাদরা","২",17
"00250","জাগো হে রুদ্র, জাগো","দাদরা","২",17
"00251","তুমি জানো, ওগো অন্তর্যামী","দাদরা","২",17
"00252","তোমার কাছে শান্তি চাব না","তেওড়া","২",22
"00253","তোমার দুয়ার খোলার ধ্বনি ওই গো বাজে হৃদয়মাঝে","দাদরা","২",18
"00255","তোমার পতাকা যারে দাও","কাহারবা","১",21
"00256","তোমার সোনার থালায় সাজাব আজ","তিনতালা","১",26
"00257","দীর্ঘ জীবনপথ,কত দুঃখতাপ","ঝাঁপ","১",15
"00258","দুঃখ যদি না পাবে তো","কাহারবা","২",24
"00259","দুখ দিয়েছ,দিয়েছ ক্ষতি নাই","ঝাঁপ","১",15
"00260","দুখের বেশে এসেছ বলে","ঝম্পক","১",15
"00261","নয় নয় এ মধুর খেলা","দাদরা","১",21
"00262","না বাঁচবে আমায় যদি মারবে কেন তবে?","ঝম্পক","৩",22
"00263","পিনাকেতে লাগে টঙ্কার","দাদরা","২",17
"00264","প্রচণ্ড গর্জনে আসিল  একি দুর্দিন","সুরফাঁক","১",14
"00265","প্রাণে গান নাই মিছে তাই","দাদরা","২",17
"00266","বজ্রে তোমার বাজে বাঁশি","কাহারবা","১",21
"00267","বিপদে মোরে রক্ষা করো","ঝম্পক","১",15
"00269","মোর মরণে তোমার হবে জয়","কাহারবা","২",21
"00270","যখন তুমি বাঁধছিলে তার সে যে বিষম ব্যথা-","তেওড়া","২",21
"00271","যখন তোমায় আঘাত করি","দাদরা","২",17
"00274","যেতে যেতে একলা পথে","ঝম্পক","১",15
"00275","সর্ব খর্বতারে দহে তব ক্রোধদাহ-","দাদরা","২",17
"00276","সুখে আমায় রাখবে কেন, রাখো তোমার কোলে","দাদরা","২",19
"00277","হার-মানা হার পরার তোমার গলে","দাদরা","২",19
"00278","হৃদয় আমার প্রকাশ হল অনন্ত আকাশে","ষষ্ঠী(৪/২)","২",17
"00279","হে মহাদুঃখ","কাহারবা","২",21
"00281","আমার মনের মাঝে যে গান বাজে","দাদরা","১",17
"00282","কাহার গলায় পরাবি গানের","দাদরা","১",17
"00283","যে ছায়ারে ধরব বলে","দাদরা","২",17
"00287","ওরে আমার হৃদয় আমার","দাদরা","১",17
"00289","মনে রবে কি না রবে আমারে","কাহারবা","১",24
"00291","নিদ্রাহারা রাতের এ গান","দাদরা","১",17
"00292","আমার কন্ঠ হতে গান কে নিল ভুলায়ে","দাদরা","১",17
"00293","যায় নিয়ে যায় আমায় আপন গানের টানে","তালমুক্ত","১",25
"00294","দিয়ে গেনু বসন্তের এই গানখানি","কাওয়ালি(৪/৪)","২",24
"00295","গান আমার যায় ভেসে যায়","দাদরা","২",20
"00296","সময় কারো যে নাই","দাদরা","১",20
"00298","আসা-যাওয়ার পথের ধারে","দাদরা","১",19
"00299","গানের ভেলায় বেলা-অবেলায়","দাদরা","১",19
"00300","অনেক দিনের আমার যে গান","দাদরা","২",19
"00301","পাখি আমার নীড়ের পাখি","দাদরা","১",17
"00302","ছুটির বাঁশি বাজল যে ওই","দাদরা","২",20
"00303","বাঁশি আমি বাজাই নি","দাদরা","২",17
"00306","পাছে সুর ভুলি এই ভয় হয়","কাহারবা","২",21
"00307","বিরস দিন,বিরল কাজ","ঝম্পক","১",15
"00308","বাজিল কাহার বীণা মধুর স্বরে","কাহারবা","২",21
"00310","আমার পরান লয়ে কী খেলা খেলাবে ওগো","দাদরা","১",26
"00311","সুন্দর হৃদিরঞ্জন তুমি","একতালা","১",21
"00312","আমারে করো তোমার বীণা","দাদরা","১",21
"00315","তুমি সন্ধ্যার মেঘমালা  সুরান্তর","একতালা","১",17
"00316","কত কথা তারে ছিল বলিতে","কাহারবা","১",22
"00317","সুনীল সাগরের শ্যামল কিনারে","দাদরা","২",17
"00318","হে নিরুপমা, গানে যদি লাগে বিহ্বল তান","কাহারবা","২",21
"00319","অজানা খনির নূতন মণির","দাদরা","২",22
"00320","আজি এ নিরালা কুঞ্জে","দাদরা","২",17
"00321","ফিরে যাও, কেন ফিরে ফিরে যাও","অর্দ্ধঝাঁপ","৩",22
"00322","আমার জীবনপাত্র উচ্ছলিয়া মাধুরী","দাদরা","১",21
"00323","জানি জানি তুমি এসেছ এ পথে মনের ভুলে","কাহারবা","২",22
"00325","হে সখা,বারতা পেয়েছি মনে মনে","কাহারবা","২",24
"00326","যদি জানতেম আমার কিসের ব্যথা","কাহারবা","২",27
"00327","আমি যে আর সইতে পারি নে","দাদরা","২",17
"00328","আমার নয়ন তব নয়নের","দাদরা","২",17
"00329","আমরা দুজনা স্বর্গ-খেলনা গড়িব","দাদরা","২",17
"00330","আরো কিছুখন নাহয় বসিয়ো","দাদরা","২",17
"00332","আজি গোধূলিলগনে এই বাদলগগনে","দাদরা","২",18
"00333","আমি চাহিতে এসেছি শুধু একখানি মালা","দাদরা","২",17
"00335","কী রাগিনী বাজালে হৃদয়ে","একতালা","১",23
"00338","আমার মন মানে না","একতালা","১",21
"00341","সখী, পতিদিন হায় এসে ফিরে যায় কে","দাদরা","২",20
"00342","তুমি রবে নীরবে","একতালা","১",20
"00343","তোমার গোপন কথাটি, সখী, রেখো না মনে","দাদরা","১",21
"00344","এসো আমার ঘরে","দাদরা","২",17
"00345","ঘুমের ঘন গহন হতে","ঝম্পক","৩",23
"00347","এসো এসো পুরুষোত্তম","কাহারবা","১",21
"00348","আমার নিশীথরাতের বাদলধারা","কাহারবা","১",21
"00350","কেটেছে একেলা বিরহের বেলা","কাহারবা","১",21
"00353","অনেক কথা বলেছিলেম কবে তোমার কানে কানে","দাদরা","১",17
"00354","জানি তোমার অজানা নাহি গো","দাদরা","১",20
"00355","পুরানো জানিয়া চেয়ো না আমারে আধেক আঁখির কোণে","দাদরা","১",17
"00357","চপল তব নবীন আখিঁ দুটি","ঝম্পক","২",15
"00362","হৃদয়ের এ কূল ও কূল","দাদরা","১",23
"00364","আর নাই রে বেলা,","দাদরা","২",21
"00365","বেদনায় ভরে গিয়েছে পেয়ালা","তেওড়া","২",21
"00366","আমি চিনি গো চিনি তোমারে ওগো বিদেশিনী","একতালা","১",17
"00367","যা ছিল কালো-ধলো তোমার","দাদরা","২",21
"00369","আমার সকল নিয়ে বসে আছি","দাদরা","২",17
"00373","ফুল তুলিতে ভুল করেছি প্রেমের সাধনে","কাহারবা","১",24
"00374","চাঁদের হাসির বাঁধ ভেঙেছে","দাদরা","১",17
"00377","হে নবীনা","দাদরা","২",17
"00380","অনেক পাওয়ার মাঝ মাঝে","একতালা","১",17
"00381","শাঙনগগনে ঘোর ঘনঘটা","তিনতালা","১",21
"00382","গহন ঘন ছাইল গগন ঘনাইয়া","তিনতালা","১",21
"00383","বিশ্ববীণারবে বিশ্বজন মোহিছে","তালমুক্ত","১",21
"00385","ঝরঝর বরিষে বারিধারা","কাহারবা","১",21
"00386","ওই আসে ওই অতি ভৈরব","তিনতালা","১",21
"00388","মেঘের পরে মেঘ জমেছে","দাদরা","১",22
"00390","আজ বারি ঝরে ঝরঝর ভরা বাদরে","তেওড়া","১",21
"00391","আজি শ্রাবণঘনগহন মোহে গোপন চরণ ফেলে","ঝম্পক","৩",22
"00393","এসো হে এসো সজল ঘন","ঝাঁপ","১",15
"00394","আমারে যদি জাগালে আজি নাথ","ঝম্পক","১",15
"00396","চিও আমার হারালো আজ মেঘের মাঝ খানে","কাহারবা","১",26
"00397","উতল ধারায় বাদল ঝরে","দাদরা","২",23
"00398","কাঁপিছে দেহলতা থরথর","একাদশী(৩/৪/৪)","১",15
"00399","ওই বুঝি কালবৈশাখী","কাহারবা","২",21
"00400","আমার দিন ফুরালো","দাদরা","১",21
"00401","পূণচাঁদের মায়ায় আজি ভাবনা","দাদরা","১",23
"00402","দারুণ অগ্নিবাণে রে","কাহারবা","১",21
"00403","এসো এসো হে তৃষ্ণার জল, কলকল্ ছলছল্","কাহারবা","১",21
"00404","বাদল-মেঘে মাদল বাজে","দাদরা","১",17
"00405","ওগো আমার শ্রাবন মেঘের খেয়াতরীর মাঝি","দাদরা","১",17
"00406","তিমির-অবগুণ্ঠনে বদন তব ঢাকি","কাহারবা","১",21
"00407","এই শ্রাবণে বুকের ভীতর আগুন আছে","দাদরা","১",17
"00408","মেঘের কোলে কোলে যায় রে","দাদরা","১",21
"00409","আজ তালের বনের করতালি কিসের তালে","কাহারবা","১",24
"00410","আঁধার কুঁড়ির বাঁধন","কাহারবা","১",25
"00411","কত যে তুমি মনোহর মনই তাহা জানে,","দাদরা","১",17
"00412","হৃদয় আমার, ওই বুঝি তোর","দাদরা","১",17
"00413","প্রখর তপনতাপে আকাশ তৃষায় কাঁপে","দাদরা","১",17
"00414","বৈশাখের এই ভোরের ‎হাওয়া","দাদরা","১",17
"00415","বৈশাখ হে মৌনী তাপস,কোন্ অতলের বাণী","দাদরা","১",17
"00416","শুষ্কতাপের দৈত্যপুরে দ্বার ভাঙবে ব'লে,","দাদরা","১",17
"00418","ওই-যে ঝড়ের মেঘের কোলে","কাহারবা","১",21
"00419","কখন বাদল-ছোঁওয়া লেগে","দাদরা","২",20
"00420","আজ নবীন মেঘের সুর লেগেছে আমার মনে","দাদরা","১",17
"00421","আজ আকাশের মনের কথা ঝরো ঝরো বাজে","দাদরা","১",17
"00422","এই সকাল বেলার বাদল-আঁধারে","দাদরা","১",21
"00423","পুব-সাগরের পার হতে কোন্ এল পরবাসী","কাহারবা","১",24
"00424","আজি বর্ষারাতের শেষে","কাহারবা","১",26
"00425","শ্রাবণমেঘের আধেক দুয়ার ওই খোলা,","দাদরা","২",17
"00427","বাদল-বাউল বাজায় রে একতারা","কাহারবা","২",24
"00428","এ কী গভীর বাণী এল ঘন মেঘের আড়াল ধরে","দাদরা","১",17
"00429","হৃদয় আমার যায় যে ভেসে","দাদরা","২",23
"00430","ভোর হল যেই শ্রাবণশ‌র্বরী","কাহারবা","১",21
"00431","বৃষ্টিশেষের হাওয়া কিসের খোঁজে বইছে ধীরে ধীরে","দাদরা","১",17
"00432","বাদল-ধারা হল সারা, বাজে বিদায় -সুর","দাদরা","১",17
"00433","আকাশতলে দলে দলে মেঘ যে ডেকে যায়","দাদরা","১",17
"00434","কদম্বেরই কানন ঘেরি আষাঢ়মেঘের ছায়া খেলে,","দাদরা","১",17
"00436","ছায়া ঘনাইছে বনে বনে,গগনে গগনে ডাকে দেয়া","কাহারবা","১",24
"00437","এই শ্রাবণ-বেলা বাদল-ঝরা যুথীবনের গন্ধে ভরা","দাদরা","১",17
"00438","ভেবেছিলেম আসবে ফিরে","দাদরা","২",20
"00439","পথিক মেঘের দল জোটে","দাদরা","২",17
"00440","পুব-হাওয়াতে দেয় দোলা আজ মরি মরি","কাহারবা","১",24
"00441","কুসুমে কুসুমে চরণচিহ্ন দিয়ে যাও","দাদরা","১",17
"00442","আকাশভরা সূর্য-তারা, বিশ্বভরা প্রাণ","দাদরা","১",17
"00443","মধ্যদিনের বিজন বাতায়নে","ষষ্ঠী(২/৪)","২",17
"00444","শ্রাবণবরিষন পার হয়ে কী বাণী আসে ওই রয়ে রয়ে","কাহারবা","১",21
"00445","আজ কিছুতেই যায় না মনের ভার","কাহারবা","১",24
"00446","ধরণী গগনের মিলনের ছন্দে","তালমুক্ত","১",28
"00447","নাই রস নাই, দারুণ দাহনবেলা","কাহারবা","২",22
"00450","যেতে দাও যেতে দাও","কাহারবা","২",26
"00451","আজি ওই আকাশ-পরে সুধায়","দাদরা","২",23
"00453","শ্যামল ছায়া, নাইবা গেলে","ষষ্ঠী(২/৪)","২",17
"00454","বজ্রমানিক দিয়ে গাঁথা, আষাঢ়","দাদরা","২",21
"00455","ঝরে ঝরো ঝরো ভাদরবাদর","কাহারবা","২",21
"00456","এসো নীপবনে ছায়াবীথিতলে","তালমুক্ত","১",25
"00457","কোথা যে উধাও হলো মোর প্রাণ উদাসী","আড়াঠেকা","১",21
"00458","আজ শ্রাবণের পূর্ণিমাতে কী","দাদরা","২",17
"00459","অশ্রুভরা বেদনা দিকে দিকে জাগে","তিনতালা","১",24
"00460","বন্ধু, রহো রহো সাথে","তালমুক্ত","১",18
"00461","একলা বসে বাদল-শেষে","দাদরা","২",23
"00462","শ্যামল শোভন শ্রাবণ","দাদরা","২",17
"00463","এসো হে বৈশাখ এসো এসো","কাহারবা","১",21
"00464","মধ্যদিনে যবে গান বন্ধ করে পাখি","কাহারবা","১",21
"00465","তপের তাপের বাঁধন কাটুক","দাদরা","১",17
"00466","গগনে গগনে আপনার মনে","দাদরা","১",19
"00467","কেন পান্থ,এ চঞ্চলতা","কাহারবা","১",24
"00468","নমো নমো, হে বৈরাগী","কাহারবা","১",21
"00469","নমো, নমো, নমো করুণাঘন, নমো হে","কাহারবা","১",21
"00470","ওই কি এলে আকাশপারে","কাহারবা","১",21
"00471","শ্রাবণ ,তুমি বাতাসে কার আভাস পেলে","কাহারবা","১",21
"00472","আহ্বান আসিল মহোৎসবে","দাদরা","১",17
"00473","কোন্ পুরাতন প্রাণের টানে","কাহারবা","১",21
"00474","নীল অঞ্জনঘন পুঞ্জছায়ায়","দাদরা","২",21
"00475","আজ শ্রাবণের আমন্ত্রণে","দাদরা","১",17
"00476","ওরে ঝড় নেমে আয়","কাহারবা","১",21
"00477","চক্ষে আমার তৃষ্ণা","দাদরা","১",26
"00479","এসো শ্যামল সুন্দর","তিনতালা","১",21
"00480","ব্যাকুল বকুলের ফুলে","নবতাল(৩/৬)","২",23
"00481","আবার শ্রাবণ হয়ে এলে ফিরে","তিনতালা","১",21
"00482","ধরণী, দূরে চেয়ে কেন আজ আছিস জেগে","দাদরা","১",17
"00483","হৃদয়ে মন্দ্রিল ডমরু গুরু গুরু","রুপক(৩/৪)","২",19
"00484","মধু গন্ধে-ভরা মৃদু-স্নিগ্ধছায়া","তালমুক্ত","১",27
"00485","আমি তখন ছিলেম মগন","দাদরা","২",22
"00489","থামাও রিমিকি-ঝিমিকি বরিষন,","কাহারবা","২",24
"00492","আঁধার অম্বরে প্রচণ্ড ডম্বরু","কাহারবা","২",21
"00493","হৃদয় আমার নাচে রে আজিকে","তালমুক্ত","২",20
"00495","মনে হল যেন পেরিয়ে এলেম","দাদরা","২",18
"00497","মম মন-উপবনে চলে অভিসারে","কাহারবা","২",21
"00498","আজি বরিষনমুখরিত শ্রাবণরাতি","কাহারবা","২",24
"00499","যায় দিন,শ্রাবণদিন যায়","কাহারবা","২",21
"00500","আমি কী গান গাব যে ভেবে না পাই","দাদরা","২",17
"00501","কিছু বলব ব'লে এসেছিলেম","কাহারবা","২",23
"00502","মন মোর মেঘের সঙ্গী","কাহারবা","২",21
"00503","মোর ভাবনারে কী হাওয়ায় মাতালো","তিনতালা","১",25
"00504","আমার প্রিয়ার ছায়া আকাশে আজ ভাসে, হায় হায় !","কাশ্মীরি","২",20
"00505","ওগো সাঁওতালি ছেলে","দাদরা","২",17
"00506","বাদল-দিনের প্রথম কদম ফুল করেছ দান,","দাদরা","২",21
"00507","আজি তোমায় আবার চাই শুনাবারে","তালমুক্ত","৩",24
"00508","এসো গো, জ্বেলে দিয়ে যাও প্রদীপখানি","তালমুক্ত","৩",27
"00509","আজি ঝরো ঝরো মুখর বাদরদিনে","একাদশী(২/৪/২/৪)","১",20
"00511","স্বপ্নে আমার মনে হল কখন ঘা দিলে আমার দ্বারে, হায়","ষষ্ঠী(২/৪)","২",20
"00512","শেষ গানেরই রেশ নিয়ে যাও চলে,","দাদরা","২",18
"00513","এসেছিলে তবু আস নাই জানায়ে গেলে","তালমুক্ত","৩",21
"00514","এসেছিনু দ্বারে তব শ্রাবণরাতে","ষষ্ঠী(২/৪)","৩",25
"00515","নিবিড় মেঘের ছায়ার মন দিয়েছি মেলে","ষষ্ঠী(২/৪)","৩",25
"00516","আমার  যে দিন","দাদরা","২",27
"00517","পাগলা হাওয়ার বাদল-দিনে","দাদরা","২",21
"00518","আজি মেঘ কেটে গেছে সকালবেলায়","কাহারবা","২",24
"00519","সঘন গহন রাত্রি, ঝরিছে শ্রাবণধারা---","কাহারবা","২",23
"00521","আজি শরততপনে প্রভাতস্বপনে","একতালা","১",20
"00523","আজ ধানের ক্ষেতে রৌদ্রছায়ায় লুকোচুরি খেলা","কাহারবা","২",24
"00524","বেঁধেছি কাশের গুচ্ছ, আমরা গেঁথেছি","একতালা","১",19
"00525","অমল ধবল পালে লেগেছে মন্দ মধুর হাওয়া","একতালা","১",21
"00526","আমার নয়ন-ভুলানো এলে","দাদরা","২",17
"00527","শিউলি ফুল","দাদরা","১",17
"00529","আজ প্রথম ফুলের পাব প্রসাদখানি","কাহারবা","২",23
"00530","ওগো শেফালিবনের মনের কামনা","দাদরা","২",17
"00531","শরত-আলোর কমলবনে","রুপকড়া","২",23
"00532","তোমার মোহন রূপে কে রয় ভুলে","কাহারবা","২",21
"00533","শরৎ, তোমার অরুণ আলোর অঞ্জলি","দাদরা","২",17
"00534","তোমরা যা বলো তাই বলো","দাদরা","১",20
"00535","কোন্ খেপা শ্রাবণ ছুটে এল","দাদরা","১",17
"00536","আকাশ হতে খসল তারা","দাদরা","২",17
"00537","হৃদয়ে ছিলে জেগে","একতালা","১",17
"00538","সারা নিশি ছিলেম শুয়ে","দাদরা","১",23
"00539","দেখো দেখো দেখো শুকতারা","দাদরা","২",21
"00540","ওলো শেফালি, ওলো শেফালি","দাদরা","২",17
"00541","এসো শরতের অমল মহিমা,এসো হে ধীরে","যৎ","১",25
"00542","এবার অবগুণ্ঠন খোলো","দাদরা","১",23
"00543","তোমার নাম জানি নে","দাদরা","২",17
"00544","কার বাঁশি নিশিভোরে বাজিল মোর প্রাণে","তিনতালা","১",21
"00545","আমার রাত পোহালো শারদ প্রাতে","দাদরা","১",17
"00546","নির্মল কান্ত, নমো হে নমো","কাহারবা","১",21
"00548","সেই তো তোমার পথের বঁধু","কাহারবা","১",21
"00549","পোহালো পোহালো বিভাবরী","তিনতালা","১",21
"00550","নব কুন্দধবলদলসুশীতলা","তিনতালা","১",21
"00551","হিমের রাতে ওই গগনের দীপগুলিরে","দাদরা","১",17
"00552","হায হেমন্তলক্ষ্মী, তোমার নয়ন কেন ঢাকা-","কাহারবা","১",21
"00554","সে দিন আমায় বলেছিলে","কাহারবা","১",24
"00555","নমো, নমো, নমো। নমো, নমো, নমো। তুমি ক্ষুধার্তজনশরণ্য","দাদরা","১",17
"00556","শীতের হাওয়ায় লাগল নাচন","দাদরা","১",17
"00557","শিউলি-ফোটা ফুরোল যেই শীতের বনে","দাদরা","১",17
"00558","এল যে শীতের বেলা বরষ-পরে","দাদরা","১",23
"00559","পৌষ তোদের ডাক দিয়েছে, আয় রে চলে,","দাদরা","১",17
"00561","আমরা নূতন প্রাণের চর হা হা","দাদরা","১",19
"00562","আর নাই যে দেরি, নাই যে দেরি","দাদরা","১",23
"00563","এ কী মায়া লুকাও কায়া জীর্ণ শীতের সাজে","দাদরা","১",21
"00566","নমো, নমো। নমো, নমো। নমো, নমো। নির্দয় অতি","দাদরা","১",21
"00568","নব বসন্তের দানের ডালি","দাদরা","১",17
"00569","এস' এস' বসন্ত, ধরাতলে","কাহারবা","১",21
"00570","আজি বসন্ত জাগ্রত দ্বারে","তিনতালা","১",26
"00571","এনেছ ওই শিরীষ বকুল আমের মুকুল সাজিখানি হাতে করে","কাহারবা","১",21
"00572","ও মঞ্জরী, ও মঞ্জরী, আমের মঞ্জরী,","দাদরা","১",17
"00573","কার যেন এই মনের বেদন","দাদরা","১",17
"00574","দোলে দোলে দোলে প্রেমের দোলন-চাঁপা","দাদরা","১",17
"00575","অনন্তের বাণী তুমি, বসন্তের মাধুরী-উৎসবে","তেওড়া","২",21
"00576","এবার এল সময়","ষষ্ঠী(২/৪)","২",17
"00577","ওরে গৃহবাসী খোল্‌, দ্বার খোল্‌","কাহারবা","১",21
"00579","ওগো বধূ সুন্দরী","কাহারবা","১",21
"00580","আমার বনে বনে ধরল মুকুল","কাহারবা","২",26
"00581","আমি  পথভোলা এক পথিক এসেছি","দাদরা","১",17
"00582","আজি দখিন দুয়ার","কাহারবা","২",24
"00583","বসন্তে কি শুধু কেবল ফোটা ফুলের মেলা রে","কাহারবা","২",21
"00584","ওগো দখিন হাওয়া","কাহারবা","১",26
"00585","আকাশ আমার","দাদরা","১",19
"00587","ওরে ভাই, ফাগুন লেগেছে বনে বনে","তিনতালা","১",26
"00588","এত দিন যে বসে ছিলেম","দাদরা","২",19
"00589","বসন্তে ফুল গাঁথল","দাদরা","২",17
"00590","ওরে আয় রে তবে, মাত্ রে সবে আনন্দে","কাহারবা","১",25
"00591","বসন্ত তোর শেষ ক'রে দে,","কাহারবা","১",24
"00592","দিনশেষে বসন্ত যা প্রাণে গেল ব'লে","কাওয়ালি(৪/৪)","২",21
"00593","সব দিবি কে, সব দিবি পায়","কাহারবা","১",23
"00594","বাকি আমি রাখব না","দাদরা","১",23
"00595","ফল ফলাবার আশা আমি মনে রাখি নে রে","দাদরা","১",17
"00596","যদি তারে নাই চিনি গো সে কি","তেওড়া","১",21
"00597","ধীরে ধীরে ধীরে বও","কাহারবা","১",24
"00598","দখিন হাওয়া  জাগো জাগো","কাহারবা","১",23
"00599","সহসা ডালপালা তোর উতলা যে","দাদরা","১",17
"00600","সে কি ভাবে গোপন রবে লুকিয়ে হৃদয় কাড়া","দাদরা","১",18
"00601","ভাঙল হাসির বাঁধ","দাদরা","১",22
"00602","ও আমার চাঁদের আলো","দাদরা","১",21
"00603","ও চাঁদ, তোমায় দোলা","দাদরা","১",20
"00605","তোমার বাস কোথা যে, পথিক ওগো","দাদরা","১",21
"00606","আজ দখিন বাতাসে","দাদরা","১",19
"00607","বিদায় যখন চাইবে তুমি দক্ষিণসমীরে","দাদরা","১",21
"00608","এ বেলা ডাক পড়েছে কোনখানে","দাদরা","১",23
"00609","না, যেয়ো না, যেয়ো নাকো","কাহারবা","১",21
"00610","এবার বিদায়বেলার সুর ধরো ধরো","দাদরা","১",21
"00611","আজ খেলা ভাঙার খেলা খেলবি","কাহারবা","১",21
"00612","আজ কি তাহার বারতা পেল রে কিশলয়","কাহারবা","১",26
"00613","চরণরেখা তব যে পথে দিলে লেখি","দাদরা","১",17
"00614","নমো নমো, নমো নমো, নমো নমো, তুমি সুন্দরতম","দাদরা","১",17
"00615","তোমার আসন পাতব কোথায় হে অতিথি","দাদরা","১",17
"00616","রঙ লাগালে বনে বনে কে","ষষ্ঠী(২/৪)","২",19
"00617","মন যে বলে চিনি চিনি যে গন্ধ বয় এই সমীরে","কাহারবা","২",21
"00618","বকুলগন্ধে বন্যা এল দখিন-হাওয়ার স্রোতে","দাদরা","২",17
"00619","বাসন্তী, হে ভূবনমোহিনী","কাহারবা","২",21
"00621","ফাগুন, হাওয়ায় হাওয়ায় করেছি যে দান","দাদরা","১",21
"00623","হে মাধবী, দ্বিধা কেন","দাদরা","২",20
"00624","ওরা অকারণে চঞ্চল (ওরা অকারণে চঞ্চল ডালে)","কাহারবা","২",26
"00625","ফাগুনের নবীন আনন্দে","কাহারবা","১",26
"00626","বেদনা কী ভাষায় রে","কাহারবা","২",21
"00627","চলে যায় মরি হায় বসন্তের দিন","কাহারবা","১",23
"00628","বসন্তে বসন্তে তোমার কবিরে দাও ডাক","দাদরা","১",17
"00629","আমার মল্লিকাবনে (যখন মল্লিকাবনে প্রথম ধরেছে)","দাদরা","১",21
"00630","ক্লান্ত যখন আম্রকলির কাল","দাদরা","১",17
"00631","তুমি কিছু দিয়ে যাও","কাহারবা","১",21
"00632","আজি এই গন্ধবিধুর সমীরণে","তিনতালা","১",21
"00633","এবার ভাসিয়ে দিতে হবে আমার এই তরী","দাদরা","২",17
"00634","বসন্তে আজ ধরার চিত্ত হল উতলা","একতালা","১",21
"00635","তুমি কোন্ পথে যে এলে","দাদরা","১",20
"00636","অনেক দিনের মনের মানুষ জেন এলে কে","দাদরা","১",23
"00637","পুরাতনকে বিদায় দিলে না যে ওগো নবীন রাজা","দাদরা","১",17
"00638","ঝরো-ঝরো ঝরো-ঝরো ঝরে রঙের ঝরনা","দাদরা","১",21
"00639","পূর্বাচলের পানে তাকাই","কাহারবা","১",21
"00640","নীল আকাশের কোণে কোণে ওই","দাদরা","২",18
"00641","মাধবী হঠাৎ কোথা হতে","দাদরা","২",22
"00642","নীল দিগন্তে ওই ফুলের আগুন লাগল","দাদরা","১",17
"00643","বসন্ত তার গান লিখে যায় ধূলির, পরে","কাহারবা","১",21
"00644","ফাগুনের শুরু হতেই শুকনো পাতা ঝরল যত","দাদরা","১",23
"00645","ফাগুনের পূর্ণিমা এল কার লিপি হাতে","কাহারবা","১",26
"00646","এক ফাগুনের গান সে আমার","তেওড়া","১",21
"00647","ওরে বকুল পারুল ওরে","দাদরা","১",17
"00648","নিশীথরাতের প্রাণ","তেওড়া","১",23
"00649","চেনা ফুলের গন্ধস্রোতে","তেওড়া","২",21
"00651","আমার মালার ফুলের দলে আছে লেখা","দাদরা","১",17
"00652","আজি কমলমুকুলদল খুলিল","দাদরা","১",26
"00653","পুষ্প ফুটে কোন্ কুন্জ্ঞবনে","দাদরা","১",15
"00655","বিদায় নিয়ে গিয়েছিলেম","ষষ্ঠী(২/৪)","২",17
"00656","এই কথাটাই ছিলেম ভুলে","ষষ্ঠী(২/৪)","২",22
"00657","এবার তো যৌবনের কাছে","দাদরা","২",19
"00658","সেই তো বসন্ত ফিরে এল","তিনতালা","১",26
"00659","নিবিড় অন্তরতর বসন্ত","ঝাঁপ","১",15
"00660","নব নব পল্লবরাজি","দাদরা","১",19
"00661","মম অন্তর উদাসে","তিনতালা","১",24
"00662","ফাগুন-হাওয়ায় রঙে রঙে","দাদরা","২",17
"00663","ঝরা পাতা গো, আমি তোমারি দলে","দাদরা","১",17
"00665","কে যায় অমৃতধামযাত্রী","দাদরা","১",19
"00666","চোখের আলোয় দেখেছিলেম","দাদরা","২",17
"00668","এক মনে তোর একতারাতে","যৎ(৩/৪/৩/৪)","১",19
"00669","গভীর রজনী নামিল হৃদয়ে","রুপকড়া","১",23
"00670","ভুবন হইতে ভুবনবাসী","দাদরা","১",17
"00671","জীবন যখন ছিল ফুলের মতো","দাদরা","২",19
"00673","তুই কেবল থাকিস সরে সরে","দাদরা","১",17
"00674","দাঁড়াও, মন,অনন্ত ব্রহ্মান্ড-মাঝে","দাদরা","১",14
"00676","শান্ত হ রে মম চিত্ত নিরাকুল","কাহারবা","১",21
"00677","শুভ্র নব শঙ্খ তব গগন ভরি বাজে,","ঝম্পক","২",15
"00678","পূর্বগগনভাগে দীপ্ত হইল সুপ্রভাতে","দাদরা","১",17
"00679","মন, জাগ' মঙ্গললোকে","তিনতালা","১",24
"00680","ভোরের বেলা কখন এসে","দাদরা","১",21
"00681","এখনো ঘোর ভাঙে না তোর","দাদরা","২",21
"00682","আজি নির্ভয়নিদ্রিত ভুবনে জাগে","কাওয়ালি(৪/৪/৪/৪)","১",21
"00683","ভোর হল বিভাবরী -------","কাহারবা","২",24
"00684","নিশার স্বপন ছুটল রে এই ছুটল রে,","দাদরা","২",17
"00685","অনেক দিনের শূন্যতা","তেওড়া","১",22
"00686","হে চিরনূতন, আজি এ দিনের প্রথম গানে","কাহারবা","১",21
"00687","প্রাণের প্রাণ জাগিছে তোমারি প্রাণে","দাদরা","১",21
"00688","জাগো নির্মল নেত্রে   রাত্রির","একতাল(৪/৪/৪)","১",16
"00689","স্বপন যদি ভাঙিলে রজনী প্রভাতে","একতালা","১",17
"00690","বাজাও তুমি ,কবি, তোমার সঙ্গীত সুমধুর","সুরফাঁক","১",14
"00691","মনোমোহন, গহন যামিনীশেষে","ঝাঁপ","১",15
"00692","পান্হ , এখনো কেন অলসিত অঙ্গ","সুরফাঁক","১",14
"00693","দুঃখরাতে,হে নাথ, কে ডাকিলে","ঝাঁপ","১",15
"00694","ডাকো মোরে আজি এ নিশীথে","তিনতালা","১",21
"00695","হরষে জাগো আজি","ধামার(৩/২/২/৩/৪)","১",23
"00696","বিমল আনন্দে জাগো রে","আড়াঠেকা","১",23
"00697","সবে আনন্দ করো","আড়াচৌতাল(২/৪/২/৪)","১",19
"00698","তুমি আপনি জাগাও মোরে","তিনতালা","১",21
"00699","নূতন প্রাণ দাও, প্রাণসখা","ধামার(৩/২/২/৩/৪)","১",20
"00700","শোনো তাঁর সুধাবাণী","দাদরা","১",19
"00701","নিশিদিন  চাহো রে তাঁর পানে","তিনতালা","১",28
"00702","ওঠো ওঠো রে","দাদরা","১",19
"00703","ওদের কথায় ধাঁদা লাগে","দাদরা","২",21
"00704","জানি নাই গো সাধন তোমার বলে কারে","দাদরা","২",17
"00705","আমায় ভুলতে দিতে নাইকো তোমার ভয়","দাদরা","২",17
"00706","আমার   সকল কাঁটা ধন্য করে","দাদরা","২",26
"00707","তাই তোমার আনন্দ আমার 'পর","দাদরা","২",17
"00708","তব সিংহাসনের আসন হতে","দাদরা","২",21
"00709","জীবনে যত পূজা হল না সারা","তেওরা","২",21
"00710","জানি জানি কোন্ আদি কাল হতে","তিনতালা","১",21
"00711","তুমি যে আমারে চাও আমি সে জানি","তিনতালা","১",26
"00712","জানি হে যবে প্রভাত হবে","ঝাঁপ","১",15
"00715","এসেছে সকলে কত আশে","দাদরা","১",19
"00716","ধ্বনিল আহ্বান মধুর গম্ভীর প্রভাত অম্বর মাঝে","তেওড়া","১",21
"00717","কী গাব আমি, কী শুনাব","একতালা","১",17
"00718","সফল করো হে প্রভু আজি সভা","তিনতালা","১",21
"00719","হৃদিমন্দিরদ্বারে বাজে","ধামার(৩/২/২/৩/৪)","১",20
"00720","ওই পোহাইল তিমিররাতি","তিনতালা","১",26
"00721","আজি বহিছে বসন্ত পবন","তেওড়া","১",24
"00722","আনন্দগান উঠুক তবে বাজি","দাদরা","২",18
"00723","এ দিন আজি কোন্ ঘরে গো","দাদরা","২",19
"00724","ওই অমল হাতে রজনী প্রাতে আপনি জ্বালো","তেওড়া","২",21
"00725","তার অন্ত নাই গো","দাদরা","১",17
"00726","তোমার আনণ্দ ওই গো","দাদরা(৩/৩)","২",25
"00727","প্রাণে খুশির তুফান উঠেছে","একতালা","১",20
"00728","পারবি না কি যোগ দিতে এই ছন্দে রে","তেওড়া","২",24
"00729","প্রেমে প্রাণে গানে গন্ধে","নবতাল","১",27
"00730","জগতে আনন্দ যজ্ঞে আমার নিমন্ত্রন","দাদরা","১",17
"00731","গায়ে আমার পুলক লাগে,","তালমুক্ত","১",21
"00732","আলোয় আলোকময় করে হে এলে আলোর আলো","তেওড়া","২",21
"00733","আজি এ আনন্দসন্ধ্যা সুন্দর","তেওড়া","১",21
"00734","বাজে বাজে রম্যবীণা বাজে","তেওড়া","১",23
"00735","বিপুল তরঙ্গ রে","তেওড়া","১",21
"00736","সদা থাকো আনন্দে","ঝাঁপ","১",15
"00737","বহে নিরন্তর অনন্ত আনন্দধারা","ঝাঁপ","১",15
"00738","অমল কমল সহজে জলের কোলে","একতালা","১",17
"00739","আনন্দধারা বহিছে ভুবনে","তিনতালা","১",21
"00740","নব আনন্দে জাগো","তিনতালা","১",21
"00741","হেরি তব বিমলমুখভাতি","ঝাঁপ","১",15
"00742","এত আনন্দধ্বনি উঠিল কোথায়","ধামার(৩/২/২/৩/৪)","১",20
"00743","আঁধার রজনী পোহালো","একতালা","১",17
"00744","হৃদয়বাসনা পূর্ণ হল আজি মম পূর্ণ হল,","তালমুক্ত","১",19
"00745","ক্ষত যত ক্ষতি যত","কাওয়ালি(৪/৪)","২",22
"00746","আমি সংসারে মন দিয়েছিনু","একতালা","১",17
"00747","আজিকে এই সকালবেলাতে","দাদরা","২",27
"00748","যে-ধ্রুবপদ দিয়েছ বাঁধি বিশ্বতানে","ঝম্পক","১",20
"00750","মহাবিশ্বে মহাকাশে মহাকাল - মাঝে","তেওড়া","১",21
"00752","আমার মুক্তি আলোয় আলোয়","তেওড়া","১",21
"00753","আমার প্রাণে গভীর গোপন","রুপক","২",21
"00754","আজি মর্মরধ্বনি কেন জাগিল রে","তিনতালা","১",24
"00755","প্রথম আলোর চরণধ্বনি উঠল বেজে যেই","একতালা","১",17
"00756","তোমার হাতের রাখীখানি বাঁধো আমার দখিন-হাতে","দাদরা","৩",25
"00757","বুঝেছি কি বুঝি নাই বা","কাহারবা","১",21
"00759","দেওয়া নেওয়া ফিরিয়ে দেওয়া","দাদরা","১",17
"00761","আমি জ্বালব না মোর বাতায়নে","দাদরা","২",19
"00762","আমি যখন তাঁর দুয়ারে ভিক্ষা নিতে","দাদরা","২",21
"00763","আকাশ জুড়ে শুনিনু ওই বাজে","কাহারবা","১",21
"00765","ও আমার দেশের মাটি, তোমার 'পরে ঠেকাই মাথা","দাদরা","২",23
"00766","যদি তোর ডাক শুনে কেউ","দাদরা","২",21
"00767","তোর আপন জনে ছাড়বে তোরে","দাদরা","২",20
"00768","এবার তোর মরা গাঙে বান এসেছে","কাহারবা","২",21
"00769","নিশিদিন ভরসা রাখিস","দাদরা","২",17
"00770","আমি ভয় করব না ভয় করব না","দাদরা","২",17
"00771","আপনি অবশ হলি, তবে বল দিবি তুই কারে   ?","দাদরা","২",21
"00772","আমরা মিলেছি আজ মায়ের ডাকে","দাদরা","২",21
"00773","আমা সবাই রাজা","দাদরা","২",17
"00775","নাই নাই ভয়","কাওয়ালি(৪/৪)","২",21
"00776","আমাদের যাত্রা হল শুরু,","একতালা","১",21
"00777","জনগণমন-অধিনায়ক জয় হে ভারতভাগ্যবিধাতা","কাহারবা","২",21
"00778","হে মোর চিত্ত, পুণ্য তীর্থে","দাদরা","২",17
"00779","দেশে দেশে নন্দিত করি","একতালা","১",17
"00780","মাতৃমন্দির-পুণ্য-অঙ্গন কর","তেওড়া","২",21
"00782","আনন্দধ্বনি জাগাও গগনে","তেওড়া","২",21
"00783","বাংলার মাটি বাংলার জল","একতালা","১",18
"00784","আজি বাংলাদেশের হৃদয় হতে","একতালা","১",17
"00785","আমায় বোলো না গাহিতে বোলো না","একতালা","১",21
"00786","অয়ি ভুবনমনোমোহিনী, মা,","কাহারবা","২",24
"00788","যে তোমায় ছাড়ে ছাড়ুক","দাদরা","২",17
"00789","যে তোরে পাগল বলে তারে তুই বলিস নে কিছু","দাদরা","২",17
"00790","ওরে, তোরা নেই বা কথা বললি","একতালা","১",21
"00791","যদি তোর ভবনা থাকে ফিরে যা -না","দাদরা","২",17
"00792","মা কি তুই পরের দ্বারে পাঠাবি তোর ঘরের ছেলে","দাদরা","২",17
"00793","ছি ছি চোখের জলে ভেজাস নে আর মাটি","দাদরা","২",19
"00795","এখন আর দেরি নয় ধর্ গো তোরা হাতে হাতে ধর্ গো","কাহারবা","২",23
"00796","বুক বেঁধে তুই দাঁড়া দেখি,","একতালা","১",21
"00797","আমরা পথে পথে যাব সারে সারে","একতালা","১",21
"00798","এ ভারতে রাখো নিত্য, প্রভু,","চৌতাল(২/২/২/২/২/২)","১",19
"00799","রইল বলে রাখলে কারে,","দাদরা","১",17
"00800","জননীর দ্বারে আজি ওই শুন গো শঙ্খ বাজে","একতাল(৪/৪/৪)","১",16
"00801","আজি এ ভারত লজ্জিত হে","তিনতালা","১",28
"00802","চলো যাই চলো ,যাই চলো, যাই চলো, যাই","কাহারবা","২",21
"00803","শুভ কর্মপথে ধর' নির্ভয় গান","কাহারবা","২",26
"00804","ওরে, নূতন যুগের ভোরে","দাদরা","২",17
"00806","ওদের বাঁধন যতই শক্ত হবে ততই বাঁধন টুটবে,","দাদরা","২",21
"00807","বিধির বাঁধন কাটবে তুমি এমন শক্তি মান","দাদরা","২",17
"00808","খেপা তুই আছিস আপন খেয়াল ধরে","দাদরা","২",17
"00810","দিনশেষের রাঙা মুকুল জাগল চিতে","কাহারবা","২",21
"00811","আছ আকাশ - পানে তুলে মাথা","দাদরা","২",17
"00812","না, না গো না, কোরো না ভাবনা","দাদরা","১",23
"00813","চৈত্রপবনে মম চিত্তবনে","কাহারবা","২",24
"00814","নূপুর বেজে যায় রিনিরিনি","কাওয়ালি(৪/৪)","২",23
"00817","মেঘছায়ে সজল বায়ে মন আমার","তালমুক্ত","৩",23
"00819","আমার   প্রাণের মাঝে সুধা আছে, চাও কি-","দাদরা","২",20
"00820","তোমার মনের একটি কথা আমায় বলো বলো","ষষ্ঠী(২/৪)","২",22
"00821","উদাসিনী-বেশে বিদেশিনী কে সে নাইবা তাহারে জানি","কাহারবা","২",21
"00824","বাজিবে, সখী, বাঁশি বাজিবে","তেওড়া","১",23
"00827","এ কী সুধারস আনে","কাহারবা","১",24
"00828","ও যে মানে না মানা","দাদরা","১",17
"00829","মান অভিমান ভাসিয়ে দিয়ে","খেমটা","১",17
"00831","যদি বারণ কর তবে গাহিব না","কাওয়ালি(৪/৪/৪/৪)","১",21
"00832","কেন বাজাও কাঁকন কনকন কত ছল ভরে","তেওড়া","১",24
"00833","কেন যামিনী না যেতে জাগালে না","একতালা","১",17
"00836","নিশীথে কী কয়ে গেল মনে","কাহারবা","১",21
"00839","এবার মিলন- হাওয়ায়- হাওয়ায়","দাদরা","১",17
"00841","আজ সবার রঙে রঙ মিশাতে হবে","দাদরা","২",21
"00844","আমার লতার প্রথম মুকুল চেয়ে","দাদরা","১",17
"00846","একদিন চিনে নেবে তারে","দাদরা","২",23
"00849","সে আসে ধীরে","দাদরা","১",21
"00850","পুষ্পবনে পুষ্প নাহি, আছে অন্তরে","দাদরা","১",21
"00851","আমার পরান যাহা চায়","ত্রিতাল","১",24
"00853","সখি,  ওই বুঝি বাঁশি বাজে","তিনতালা","১",21
"00855","কার চোখের চাওয়ার হাওয়ায়","ষষ্ঠী(২/৪)","১",21
"00856","অনেক কথা যাও যে বলে","দাদরা","১",17
"00857","না বলে যায় পাছে সে","দাদরা","১",26
"00858","তবে শেষ করে দাও শেষ গান","তিনতালা","১",21
"00859","সখী   আমারি দুয়ারে কেন আসিল","কাহারবা","২",21
"00861","তুমি যেয়ো না এখনি","তিনতালা","১",21
"00862","আকুল কেশে আসে","কাহারবা","১",24
"00863","কে দিল আবার আঘাত আমার","কাহারবা","১",21
"00868","মুখপানে চেয়ে দেখি, ভয় হয় মনে","কাহারবা","১",24
"00871","হে ক্ষণিকের অতিথি","কাহারবা","২",21
"00873","মুখখানি কর মলিন বিধুর যাবার বেলা","দাদরা","২",17
"00874","ওকে বাঁধিবি কে রে","দাদরা","১",17
"00876","শেষ বেলাকার শেষের গানে","তেওড়া","১",23
"00877","কাঁদার সময় অল্প ওরে","দাদরা","১",17
"00878","কেন রে এতই যাবার ত্বরা","দাদরা","২",17
"00880","আমার যাবার বেলায় পিছু ডাকে","কাহারবা","২",24
"00881","কে বলে 'যাও যাও'","দাদরা","১",17
"00882","কেন আমায় পাগল করে যাস","তেওড়া","১",21
"00883","যদি হল যাবার ক্ষণ","দাদরা","১",17
"00884","ক্লান্ত বাঁশির শেষ রাগিণী","কাহারবা","১",21
"00885","কখন দিলে পরায়ে","ষষ্ঠী(২/৪)","১",17
"00886","যাবার বেলা শেষ কথাটি যাও বলে","তেওড়া","১",21
"00887","জানি তুমি ফিরে আসিবে আবার জানি","দাদরা","১",17
"00888","না রে না রে ভয় করব না বিদায় বেদনারে","দাদরা","১",17
"00890","মরণ রে","কাহারবা","১",24
"00891","উতল হাওয়া লাগল আমার","দাদরা","১",17
"00892","ডাকব না,ডাকব না","দাদরা","১",17
"00894","ও আমার ধ্যানেরই ধন","দাদরা","১",17
"00895","হায় রে, ওরে যায় না কি জানা","দাদরা","১",18
"00897","কে আমারে যেন এনেছে-ডাকিয়া","দাদরা","২",17
"00898","সে দিন দুজনে দুলেছিনু বনে","কাহারবা","১",23
"00900","কাছে যবে ছিল পাশে হল না যাওয়া","দাদরা","১",21
"00901","আমার প্রাণের 'পরে চলে গেল কে","দাদরা","১",25
"00902","মনে রয়ে গেল মনের কথা","ঝাঁপ","১",15
"00906","বাজে করুণ সুরে হায় দূরে","কাহারবা","১",21
"00908","সখী, তোরা দেখে যা এবার এল সময়","দাদরা","২",17
"00909","আমি আশায় আশায় থাকি","কাহারবা","২",21
"00910","আমার নিখিল ভুবন হারালেম আমি যে","দাদরা","২",17
"00912","ভুল করেছিনু, ভুল ভেঙেছে","দাদরা","২",22
"00914","যে ছিল আমার স্বপনচারিণী","দাদরা","২",20
"00915","হায় হতভাগিনী","ষষ্ঠী(২/৪)","২",17
"00917","ছি ছি, মরি লাজে , মরি লাজে","তালমুক্ত","১",19
"00918","শুভ মিলনলগনে বাজুক বাঁশি","দাদরা","৩",25
"00920","ছিন্ন শিকল পায়ে নিয়ে ওরে পাখি","ষষ্ঠী(২/৪)","৩",25
"00922","দুঃখের যজ্ঞ-অনল-জ্বলনে","কাহারবা","২",21
"00923","আমার মন কেমন করে","দাদরা","২",17
"00924","গোপন কথাটি রবে না গোপনে","কাহারবা","১",24
"00926","অজানা সুর কে দিয়ে যায়","কাহারবা","১",21
"00927","ধরা সে যে দেয় নাই,দেয় নাই","কাহারবা","১",21
"00930","তুমি কোন্ ভাঙনের পথে এলে সুপ্তরাতে","তালমুক্ত","১",24
"00931","আমি তোমার সঙ্গে বেঁধেছি আমার প্রাণ","দাদরা","২",22
"00932","এই উদাসী হাওয়ার পথে পথে মুকুলগুলি ঝরে","দাদরা","৩",27
"00933","বসন্ত সে যায় তো হেসে","কাহারবা","২",24
"00934","মম দুঃখের সাধন যবে করিনু নিবেদন তব চরণতলে","কাহারবা","২",24
"00936","আজি দক্ষিণপবনে","তালমুক্ত","১",25
"00937","যদি হায় জীবন পূরণ নাই হল মম তব অকৃপণ করে","কাহারবা","২",24
"00940","আমি যে গান গাই জানি নে সে কার উদ্দেশে","কাহারবা","২",21
"00942","ওগো স্বপ্নরূপিণী, তব অভিসারের পথে পথে","দাদরা","৩",28
"00944","দিনান্তবেলায় শেষের ফসল নিলেম তরী-'পরে,","কাহারবা","২",21
"00945","ধূসরজীবনের গোধূলিতে ক্লান্ত আলোয় ম্লান স্মৃতি","কাহারবা","২",24
"00947","দৈবে তুমি কখন নেশায় পেয়ে","দাদরা","৩",25
"00950","কেন ধরে রাখা ও যে যাবে চলে","একতালা","১",17
"00951","ও চাঁদ,চোখের জলের লাগল জোয়ার","কাহারবা","১",21
"00954","তার হাতে ছিল হাসির ফুলের হার","দাদরা","২",20
"00956","আজি যে রজনী যায় ফিরাইব তায় কেমনে","দাদরা","১",23
"00958","সকরুণ বেণু বাজায়ে কে যায় বিদেশী নায়ে","দাদরা","১",17
"00959","এ পারে মুখর হল কেকা ওই","তালমুক্ত","১",32
"00960","অকারণে অকালে মোর পড়ল যখন ডাক","দাদরা","২",17
"00962","ডাকে বার বার ডাকে","দাদরা","১",26
"00963","অন্ধকারের উৎস হতে উৎসারিত আলো","দাদরা","২",17
"00964","সারা জীবন দিল আলো সূর্য গ্রহ চাঁদ","একতালা","১",17
"00965","আপন হতে বাহির হয়ে বাইরে দাঁড়া,","দাদরা","২",19
"00966","যে থাকে থাক্-না দ্বারে","দাদরা","২",17
"00967","আকাশে দুই হাতে প্রেম বিলায় ও কে!","দাদরা","২",21
"00968","নিত্য তোমার যে ফুল","দাদরা","১",20
"00969","এমনি ক'রে ঘুরিব দূরে","দাদরা","৩",22
"00970","কোলাহল তো বারণ হল","দাদরা","২",18
"00971","যেথায় তোমার লুট হতেছে","দাদরা","২",17
"00972","বিশ্বসাথে যোগে যেথায় বিহরে","দাদরা","২",21
"00973","প্রভু,  আজি তোমার  দক্ষিন হাত","কাওয়ালি(৪/৪/৪/৪)","১",26
"00975","কত অজানারে জানাইলে তুমি","রুপকড়া","১",23
"00976","সবার মাঝারে তোমারে","একতালা","১",17
"00977","মোরে ডাকি লয়ে যাও","তেওড়া","১",21
"00979","জাগ্রত বিশ্বকোলাহল-মাঝে","দাদরা","১",19
"00981","ডুবি অমৃতপাথারে","দাদরা","১",19
"00982","ভেঙেছে দুয়ার, এসেছে জ্যোতির্ময়, তোমারি হউক জয়","দাদরা","২",17
"00983","হবে জয়,হবে জয়","ঝাঁপ","১",17
"00984","জয় হোক, জয় হোক নব অরুণোদয়","কাহারবা","১",26
"00985","জয় তব বিচিত্র আনন্দ হে কবি","দাদরা","২",24
"00986","সকল কলুষতামসহর, জয় হোক তব জয়","দাদরা","১",17
"00987","রাখো রাখো রে জীবনে জীবনবল্লভে","দাদরা","১",21
"00989","ওই শুনি যেন চরণধ্বনি রে","দাদরা","২",25
"00990","বেঁধেছ প্রেমের পাশে","তিনতালা","১",21
"00991","দাও হে আমার ভয় ভেঙে দাও","কাওয়ালি(৪/৪/৪/৪)","১",21
"00992","আর নহে আর নয়","কাহারবা","১",24
"00993","আরো চাই যে, আরো চাই গো","দাদরা","২",21
"00996","আসা যাওয়ার মাঝখানে","কাহারবা","১",21
"00997","বারে বারে পেয়েছি যে তারে","দাদরা","১",23
"00998","এ পথ গেছে কোন্‌খানে","দাদরা","১",17
"00999","নিত্য নব সত্য তব শুভ্র আলোকময়","ঝাঁপ","১",15
"01000","যদি ঝড়ের মেঘের মতো আমি ধাই চঞ্চল-অন্তর","তিনতালা","১",21
"01002","প্রেমানন্দে রাখো পূর্ণ আমারে","একতালা","১",19
"01003","মাঝে মাঝে তব দেখা পাই","একতালা","১",20
"01005","কেন বাণী তব নাহি শুনি","ঝাঁপ","১",15
"01006","তুমি ছেড়ে ছিলে,ভুলে ছিলে ব'লে","একতালা","১",17
"01007","অসীম আকাশে অগণ্য কিরণ","দাদরা","১",19
"01008","চরণধ্বনি শুনি তব,নাথ,","ঝাঁপ","১",15
"01009","শূন্য হাতে ফিরি, হে নাথ, পথে পথে","সুরফাঁক","১",14
"01010","অলি বার বার ফিরে যায়","দাদরা(৩/৩)","২",20
"01011","অশান্তি আজ হানল এ কী দহনজ্বালা","দাদরা","১",17
"01012","আজ তোমারে দেখতে এলেম","দাদরা","১",17
"01013","আজ যেমন ক'রে গাইছে আকাশ","তালমুক্ত","১",21
"01016","আমায় থাকতে দে না আপন মনে","কাহারবা","১",21
"01017","আমার অঙ্গে অঙ্গে কে বাজায় বাঁশি","কাহারবা","১",21
"01018","আমার এপথ তোমার পথের থেকে","দাদরা","২",17
"01019","আমার এই রিক্ত ডালি","দাদরা","১",21
"01020","আমার একটি কথা বাঁশি জানে","দাদরা","১",17
"01021","আমার জ্বলে নি আলো অন্ধকারে,","ষষ্ঠী(২/৪)","২",17
"01022","আমার ভুবন তো আজ","ষষ্ঠী(২/৪)","১",17
"01023","আমার মন চেয়ে রয় মনে মনে ‎হেরে মাধুরী","তেওড়া","২",21
"01024","আমার মন বলে,চাই,","দাদরা","১",17
"01025","আমার যেতে সরে না মন","দাদরা","২",21
"01026","আমি এলেম তারি দ্বারে,","কাহারবা","১",24
"01028","আমি নিশি নিশি কত","একতালা","১",21
"01029","আমি ফুল তুলিতে এলেম","কাহারবা","১",21
"01030","আমি হৃদয়ের কথা বলিতে ব্যাকুল","দাদরা","১",20
"01031","আয় তবে সহচরী","তিনতালা","১",21
"01034","একদা তুমি, প্রিয়ে","দাদরা","৩",22
"01035","একলা ব'সে একে একে অন্যমনে","দাদরা","১",17
"01036","এখনো তারে চোখে দেখি নি","কাওয়ালি(৪/৪/৪/৪)","১",27
"01038","এরা  পরকে আপন করে","খেমটা","১",23
"01039","এলেম নতুন দেশে","কাহারবা","১",21
"01042","ও কেন চুরি ক'রে চায়","দাদরা","১",21
"01043","ও দেখা দিয়ে যে চলে গেল","সুরফাঁক(৫/৫)","১",15
"01045","ওকে বলো, সখী, বলো, কেন মিছে করে ছল","দাদরা","২",22
"01050","ওলো, রেখে দে সখী, রেখে দে","দাদরা","২",17
"01051","কখন যে বসন্ত গেল","আড়াঠেকা","১",24
"01053","কবে তুমি আসবে বলে","দাদরা","১",17
"01054","কাছে আছে দেখিতে না পাও","দাদরা","২",20
"01056","কী ফুল ঝরিল বিপুল অন্ধকারে","দাদরা","২",17
"01057","কী সুর বাজে আমার প্রাণে","কাওয়ালি(৪/৪/৪/৪)","১",23
"01058","কী হল আমার! বুঝি বা সখী","একতালা","১",17
"01059","কে উঠে ডাকি মম বক্ষ নীড়ে থাকি","একতালা","১",17
"01060","কে ডাকে ! আমি কভু ফিরে নাহি চাই","দাদরা","১",22
"01061","কেন সারাদিন ধীরে ধীরে","রূপকড়া","২",23
"01065","কোন্ গহন অরণ্যে তারে","দাদরা","১",17
"01067","গহন ঘন বনে পিয়াল-তমাল-সহকার-ছায়ে","চৌতাল","১",19
"01069","ঘরেতে ভ্রমর এলো","দাদরা","১",17
"01070","চিনিলে না আমারে কি","কাহারবা","২",24
"01071","জাগরণে যায় বিভাবরী","কাহারবা","১",21
"01072","জীবনে আজ কি প্রথম এল বসন্ত","দাদরা","২",21
"01075","তার বিদায়বেলায় মালাখানি আমার গলে রে","দাদরা","২",19
"01076","তরে কেমনে ধরিবে সখি, যদি ধরা দিলে","দাদরা","২",24
"01077","তারে দেখাতে পারি নে কেন প্রাণ খুলে গো","দাদরা","১",20
"01078","তুই ফেলে এসেছিস কারে","দাদরা","২",17
"01082","তোমার গীতি জাগালো স্মৃতি","রুপক(৩/৪)","২",22
"01084","দিন পরে যায় দিন","কাহারবা","২",21
"01085","দিনের পরে দিন যে গেল","কাহারবা","২",21
"01086","দিবস রজনী, আমি যেন কার","দাদরা","১",18
"01087","দীপ নিবে গেছে মম নিশীথ সমীরে,","দাদরা","১",22
"01088","দূরের বন্ধু সুরের দূতীরে","কাহারবা","২",21
"01093","নয়ন মেলে দেখি আমায় বাঁধন বেঁধেছে","একতালা","১",17
"01094","না   চাহিলে যারে পাওয়া যায়,","দাদরা","২",17
"01095","না বুঝে কারে তুমি ভাসালে আঁখিজলে","কাহারবা(৪/৪)","২",22
"01096","নাই নাই নাই যে বাকি","দাদরা","১",17
"01097","নাই যদি বা এলে তুমি এড়িয়ে যাবে তাই বলে","দাদরা","১",21
"01099","নিমেষের তরে শরমে বাধিল","দাদরা","২",24
"01105","প্রভাত-আলোরে মোর কাঁদায়ে গেল","দাদরা","২",17
"01106","প্রাণ চায় চক্ষু না চায়","দাদরা","১",24
"01108","প্রেমের ফাঁদ পাতা ভুবনে","দাদরা","২",21
"01109","ফিরবে না তা জানি","দাদরা","১",22
"01111","বনে এমন ফুল ফুটেছে","দাদরা","১",25
"01112","বনে যদি ফুটল কুসুম নেই কেন সেই পাখি","কাহারবা","১",21
"01114","বাহির পথে বিবাগি হিয়া","ঝম্পক","৩",22
"01115","বাঁশরি বাজাতে চাহি","তিনতালা","১",21
"01116","বিদায় করেছ যারে নয়নজলে","দাদরা","১",16
"01117","বিনা সাজে সাজি দেখা দিয়েছিলে","ষষ্ঠী(২/৪)","২",20
"01118","বিরহ মধুর হল আজি মধুরাতে","কাওয়ালি(৪/৪/৪/৪)","১",21
"01119","বুঝি বেলা বহে যায়","দাদরা","১",17
"01123","মনে কী দ্বিধা রেখে গেলে চলে সে দিন ভরা সাঁঝে,","তালমুক্ত","৩",27
"01124","মনে যে আ‎শা লয়ে","তিনতালা","১",22
"01125","যখন এসেছিলে অন্ধকারে","তেওড়া","১",23
"01126","যখন ভাঙল মিলন-মেলা","কাহারবা","১",28
"01127","যদি আসে তবে কেন যেতে চায়","একতালা","১",19
"01128","যুগে যুগে বুঝি আমায় চেয়েছিল সে","কাহারবা","১",21
"01129","যে দিন সকল মুকুল গেল ঝরে","দাদরা","২",17
"01132","যৌবনসরসীনীরে মিলনশতদল","কাহারবা","১",24
"01135","লুকালে বলেই খুঁজে বাহির করা","দাদরা","২",23
"01137","শ্রাবণের পবনে আকুল বিষণ্ণ সন্ধ্যায়","ঝাঁপ","১",15
"01140","সখী, আঁধারে একেলা ঘরে মন মানে না","যৎ","২",28
"01142","সখী, বহে গেল বেলা, শুধু হাসিখেলা","দাদরা","২",18
"01144","সব কিছু কেন নিল না","দাদরা","২",17
"01145","সমুখেতে বহিছে তটিনী","তিনতালা","১",26
"01147","সুখে আছি, সুখে আছি","দাদরা","২",18
"01148","সে যে পাশে এসে বসেছিল,","তেওড়া","২",24
"01149","সে যে বাহির হল আমি জানি","দাদরা","১",20
"01150","স্বপ্নমদির নেশায় মেশা এ উন্মওতা","দাদরা","১",17
"01151","হল না লো হল না সই","তিনতালা","১",26
"01152","হাসিরে কি লুকাবি লাজে","কাশ্মীরি","১",17
"01153","হে বিরহী, হায়, চঞ্চল হিয়া তব","কাহারবা","১",21
"01154","হেলাফেলা সারা বেলা এ কী খেলা","দাদরা","২",25
"01155","হৃদয়বেদনা বহিয়া","তেওড়া","১",24
"01156","কেন জাগে না  জাগে না অবশ পরান","যৎ","১",25
"01158","আমি জেনে শুনে তবু ভুলে আছি","দাদরা","১",21
"01159","নয়ান ভাসিল জলে","একতাল(৪/৪/৪)","১",16
"01160","হিংসায় উন্মত্ত পৃথ্বী","দাদরা","২",17
"01161","অনেক দিয়েছ নাথ","তিনতালা","১",21
"01162","তব অমল পরশরস","তিনতালা","১",21
"01163","বীণা বাজাও হে মম অন্তরে","ধামার(৩/২/২/৩/৪)","১",20
"01164","শান্তি করো বরিষন নীরব ধারে","সুরফাঁক","১",14
"01165","হে সখা, মম হৃদয়ে রহো","একতালা","১",17
"01167","চিরসখা, ছেড়ো না মোরে ছেড়ো না","তিনতালা","১",21
"01168","স্বামী, তুমি এসো আজ","দাদরা","১",19
"01169","হায় কে দিবে সান্ত্বনা","তিনতালা","১",21
"01170","আর কত দূরে আছে","তেওড়া","১",21
"01171","কামনা করি একান্তে","দাদরা","১",19
"01172","নাথ হে, প্রেম পথে সব বাধা","তিনতালা","১",24
"01173","পূর্ণ-আনন্দ পূর্ণমঙ্গল রূপে হৃদয়ে এসো","দাদরা","১",19
"01174","সংশয়তিমিরমাঝে","তেওড়া","২",24
"01175","নিশিদিন মোর পরানে","তিনতালা","১",21
"01177","এ মোহ-আবরণ খুলে দাও","আড়াঠেকা","১",21
"01178","ডাকিছ কে তুমি তাপিত","ধামার(৩/২/২/৩/৪)","১",20
"01179","আজি নাহি নাহি নিদ্রা আঁখিপাতে","তিনতালা","১",24
"01180","তিমিরবিভাবরী কাটে কেমনে","ত্রিতাল(৪/৪/৪/৪)","১",21
"01181","অমৃতের সাগরে","ধামার(৩/২/২/৩/৪)","১",20
"01182","কার মিলন চাও, বিরহী","দাদরা","২",24
"01183","তোমা লাগি, নাথ","দাদরা","১",19
"01184","মোরে বারে বারে ফিরালে","একতালা","১",21
"01185","কোথা হতে বাজে প্রেমবেদনা রে !","তিনতালা","১",25
"01186","নিকটে দেখিব তোমারে","তিনতালা","১",21
"01187","তোমার দেখা পাব বলে","তিনতালা","১",21
"01189","এ পরবাসে রবে কে হায়","মধ্যমান","১",21
"01190","এখনো আঁধার রয়েছে","চৌতাল","১",19
"01192","শূন্য প্রাণ কাঁদে সদা,  প্রাণেশ্বর","তিনতালা","১",21
"01193","সুখহীন নিশিদিন","কাওয়ালি(৪/৪/৪/৪)","১",21
"01194","দূরে কোথায় দূরে দূরে","তালমুক্ত","১",20
"01195","পিপাসা হায় নাহি মিটিল","তিনতালা","১",27
"01196","দিন যায় রে দিন যায় বিষাদে","আড়াঠেকা","১",21
"01199","কেমনে ফিরিয়া যাও","দাদরা","১",19
"01200","কে বসিল আজি হৃদয়াসনে","মধ্যমান","১",21
"01201","অসীম কালসাগরে ভুবন","ঝাঁপ","১",18
"01202","ইচ্ছা যবে হবে লইয়ো পারে","কাওয়ালি(৪/৪/৪/৪)","১",21
"01203","শুভ্র আসনে বিরাজ' অরুণছটামাঝে","আড়াচৌতাল(২/৪/২/৪)","১",19
"01204","পেয়েছি অভয়পদ,আর ভয় কারে","ঝাঁপ","১",15
"01205","শুনেছে তোমার নাম অনাথ আতুর জন-","ঝাঁপ","১",15
"01206","সত্য মঙ্গল প্রেমময় তুমি","তেওড়া","১",21
"01207","চিরবন্ধু চিরনির্ভর চিরশান্তি","ষষ্ঠী(২/৪)","১",26
"01208","বাঁচান বাঁচি, মারেন মরি","দাদরা","১",17
"01209","সংসারে কোনো ভয় নাহি নাহি","আড়াচৌতাল(২/৪/২/৪)","১",19
"01210","শক্তি রূপ হেরো তাঁর","দাদরা","১",19
"01211","শ্রান্ত কেন ওহে পাণ্হ","তিনতালা","১",21
"01212","গাও বীণা - বীণা, গাও রে","একতালা","১",21
"01213","কে রে ওই ডাকিছে,","ধামার(৩/২/২/৩/৪)","১",23
"01214","মন্দিরে মম কে আসিলে হে","একতালা","১",17
"01215","একি করুণা করুণাময়","আড়াঠেকা","১",26
"01216","পেয়েছি সন্ধান তব","দাদরা","১",19
"01218","জননী, তোমার করুণ চরণখানি","নবপঞ্চ(২/৪/৪/৪/৪)","১",24
"01219","তিমিরদুয়ার খোলো","দাদরা","১",27
"01220","তুমি জাগিছ কে ?","দাদরা","১",19
"01222","ভক্তহৃদিবিকাশ প্রাণবিমোহন","সুরফাঁক","১",14
"01223","বাণী তব ধায়","দাদরা","১",19
"01224","প্রথম আদি তব শক্তি","সুরফাঁক(৪/২/৪)","১",14
"01225","শীতল তব পদছায়া","একতালা","১",21
"01226","হে মহাপ্রবল বলী","দাদরা","১",19
"01227","জগতে তুমি রাজা","দাদরা","১",19
"01228","তুমি ধন্য ধন্য হে","ঝাঁপ","১",15
"01229","তাঁহারে আরতি করে চন্দ্র তপন,","দাদরা","১",19
"01231","ওই রে তরী দিল খুলে","দাদরা","২",23
"01232","আমি   কী ব'লে করিব নিবেদন","দাদরা","১",15
"01234","ওহে জীবনবল্লভ","একতালা","১",25
"01235","সবাই যারে সব দিতেছে","তেওড়া","২",21
"01236","আমার যে সব দিতে হবে","দাদরা","১",17
"01237","আমি দীন অতি দীন","ঝাঁপ","১",19
"01238","কী ভয় অভয়ধামে তুমি মহারাজ","ঝাঁপ","১",16
"01239","আনন্দ রয়েছে জাগি ভুবনে তোমার","দাদরা","১",19
"01240","সকল ভয়ের ভয় যে তারে","তেওড়া","১",21
"01241","নয়ন তোমারে পায় না দেখিতে","একতালা","১",17
"01242","দয়া দিয়ে হবে গো মোর জীবন ধুতে","একতালা","১",17
"01243","এ মণিহার আমায় নাহি সাজে","দাদরা","১",17
"01244","যেথায় থাকে সবার অধম দীনের হতে দীন","দাদরা","২",17
"01245","ওই আসনতলের মাটির' পরে","কাওয়ালি(৪/৪/৪/৪)","১",23
"01246","আমার মাথা নত করে","তেওড়া","১",21
"01247","গরব মম হরেছ প্রভু","ধামার(৩/২/২/৩/৪)","১",24
"01249","আজি প্রণমি তোমারে চলিব","একতালা","১",21
"01250","যে-কেহ মোরে দিয়েছ সুখ","তেওড়া","১",21
"01252","জীবনে আমার যত আনন্দ","একতালা","১",17
"01253","আঁখিজল মুছাইলে জননী","তিনতালা","১",21
"01254","তোমারি গেহে পালিছ স্নেহে","একতালা","১",17
"01255","অচেনাকে ভয় কী আমার ওরে","দাদরা","২",21
"01256","অনিমেষ আঁখি সেই কে দেখেছে","আড়াঠেকা","১",26
"01257","অল্প লইয়া থাকি, তাই","একতালা","১",17
"01258","অশ্রুনদীর সুদূর পারে","একতালা","১",17
"01259","আগুনে হল আগুনময়","দাদরা","২",17
"01261","আজি মম জীবনে","তিনতালা","১",21
"01262","আজি হেরি সংসার অমৃতময়","চৌতাল","১",19
"01264","আবার যদি ইচ্ছা কর আবার আসি ফিরে","কাহারবা","২",22
"01265","আমাদের খেপিয়ে বেড়ায় যে","দাদরা","১",18
"01266","আমার আর হবে না দেরি","দাদরা","২",17
"01267","আমার এই পথ চাওয়াতেই","দাদরা","২",17
"01268","আমার পথে পথে পাথর ছড়ানো","দাদরা","১",21
"01269","আমার প্রাণের মানুষ আছে প্রাণে","দাদরা","২",17
"01270","আমার ভাঙা পথের রাঙা ধুলায়","দাদরা","২",25
"01271","আমার মন, যখন জাগিলি না রে","দাদরা","২",20
"01272","আমার যাবার বেলাতে","দাদরা","২",17
"01273","আমারে  কে নিবি ভাই","দাদরা","১",25
"01274","আমারে দিই তোমার হাতে","দাদরা","২",21
"01275","আমারে পাড়ায় পাড়ায় খেপিয়ে বেড়ায়","দাদরা","১",17
"01276","আমি আছি তোমার সভার দুয়ার","দাদরা","২",21
"01277","আমি কান পেতে রই ও আমার","দাদরা","১",20
"01278","আমি  তারেই জানি","দাদরা","২",17
"01280","আমি যখন ছিলেম","তেওড়া","২",23
"01281","আলো যে আজ গান করে মোর প্রাণে","কাহারবা","২",23
"01282","আঁধার এল ব'লে","দাদরা","১",18
"01283","আঁধার রাতে একলা পাগল","কাহারবা","১",21
"01284","এ কী সুগন্ধহিল্লোল বহিল","ঝাঁপ","১",15
"01285","এই আসা যাওয়ার খেয়ার কূলে আমার বাড়ি","দাদরা","২",17
"01286","এই তো তোমার আলোকধেনু","দাদরা","৩",22
"01287","এই লভিনু সঙ্গ তব,সুন্দর হে সুন্দর","ঝম্পক","৩",22
"01288","এই তো তোমার প্রেম,","কাওয়ালি(৪/৪)","২",26
"01289","একটি নমস্কারে,প্রভু,একটি নমস্কারে","একতালা","১",17
"01290","একি এ সুন্দর শোভা","তিনতালা","১",26
"01291","একি লাবণ্যে পূর্ণ প্রাণ, প্রাণেশ হে","একতালা","১",21
"01292","এখন আমার সময় হল","দাদরা","১",17
"01293","এবার রঙিয়ে গেল","দাদরা","২",19
"01294","ওই মরণের সাগরপারে","দাদরা","১",17
"01295","ওগো সুন্দর, একদা কী জানি কোন্ পুণ্যের ফলে","দাদরা","১",17
"01296","ওগো পথের সাথি নমি বারম্বার","ঝাঁপ","১",19
"01297","ওরে পথিক, ওরে প্রেমিক","কাহারবা","১",21
"01298","ওরে,  আগুন আমার ভাই,","দাদরা","১",21
"01299","ওহে   সুন্দর, মরি মরি,","কাহারবা","১",21
"01300","কে গো অন্তরতর সে","দাদরা","১",17
"01301","কেন রে এই দুয়ারটুকু","একতালা","১",17
"01302","কেমনে রাখিবি তোরা তাঁরে","ঝাঁপ","১",15
"01303","কোথায় তুমি, আমি কোথায়","ঝাঁপ","১",15
"01304","কোন্ আলোতে প্রাণের প্রদীপ জ্বালিয়ে তুমি ধরায় আস--","দাদরা","২",25
"01305","কোন্ খেলা যে খেলব কখন্ ভাবি বসে সেই কথাটাই","দাদরা","২",20
"01306","চলি গো,চলি গো, যাই গো চলে","কাহারবা","১",21
"01307","চিরদিবস নব মাধুরী","দাদরা","১",19
"01308","ছিন্ন পাতার সাজাই তরণী","কাওয়ালি(৪/৪)","২",26
"01309","জয় জয় পরমা নিষ্কৃতি হে","কাহারবা","২",21
"01310","জয় ভৈরব,জয় শঙ্কর","অখন্ড ৬ মাত্রা","২",15
"01311","জরোজরো প্রাণে, নাথ","দাদরা","১",21
"01312","জাগে নাথ জোছনারাতে","ধামার(৩/২/২/৩/৪)","১",20
"01313","জানি গো দিন যাবে","দাদরা","২",21
"01314","জানি জানি তোমার প্রেমে","দাদরা","২",20
"01315","ডাকিল মোরে জাগার সাথি","দাদরা","১",20
"01316","তুমি সুন্দর,যৌবনঘন","ষষ্ঠী(২/৪)","১",17
"01317","তুমি হঠাৎ-হাওয়ায় ভেসে-আসা ধন","দাদরা","১",21
"01318","তোমায় চেয়ে আছি বসে","ষষ্ঠী(২/৪)","২",17
"01319","তোমার অসীমে প্রাণমন লয়ে","তিনতালা","১",21
"01320","তোমার খোলা হাওয়া লাগিয়ে পালে টুকরো করে কাছি","কাহারবা","২",26
"01322","তোমারি নামে নয়ন মেলিনু","তেওড়া","১",21
"01323","তোমারি মধুর রূপে","দাদরা","১",19
"01324","দিন অবসান হল","কাহারবা","১",24
"01325","দিন ফুরালো হে সংসারী","তালমুক্ত","১",20
"01326","দিন যদি হল অবসান","কাহারবা","১",23
"01327","দিনের বেলায় বাঁশি তোমার বাজিয়েছিলে","কাহারবা","২",24
"01328","দুঃখ যে তোর নয় রে চিরন্তন","দাদরা","১",21
"01329","দেবাধিদেব মহাদেব","সুরফাঁক","১",14
"01330","নমি নমি চরণে","দাদরা","২",21
"01331","না রে, না-রে, হবে না তোর স্বর্গসাধন","কাহারবা","২",21
"01332","পথ এখনো শেষ হলো না, মিলিয়ে এল দিনের ভাতি","কাহারবা","১",24
"01336","পথের শেষ কোথায়","কাহারবা","২",23
"01337","পাতার ভেলা ভাসাই নীরে","কাহারবা","১",21
"01338","পান্থ তুমি, পান্থজনের সখা হে,","দাদরা","২",18
"01339","পুষ্প দিয়ে মারো যারে-----","কাহারবা","২",21
"01340","পেয়েছি ছুটি , বিদায় দেহো ভাই","দাদরা","২",15
"01341","প্রভাতে বিমল আনন্দে","চৌতাল","১",19
"01342","ফুল বলে,ধন্য আমি","কাহারবা","১",24
"01343","মধুর রূপে বিরাজো হে বিশ্বরাজ","ঝাঁপ","১",15
"01344","মধুর, তোমার শেষ যে না পাই","দাদরা","২",21
"01345","মন রে ওরে মন","দাদরা","১",17
"01346","মম অঙ্গনে স্বামী আনন্দে হাসে","ধামার(৩/২/২/৩/৪)","১",20
"01347","মরণসাগরপারে তোমরা অমর","কাওয়ালি(৪/৪)","২",21
"01348","মরণের মুখে রেখে দূরে যাও","কাহারবা","১",24
"01349","মহারাজ, একি সাজে এলে","ঝাঁপ(২/৩/২/৩)","১",15
"01350","মেঘ বলেছে 'যাব যাব,' রাত বলেছে 'যাই',","যৎ(৩/৪/৩/৪)","১",19
"01351","মোর পথিকেরে বুঝি এনেছ এবার","কাহারবা","১",26
"01352","মোর সন্ধ্যায় তুমি সুন্দরবেশে","একতালা(৩/৩/৩/৩)","১",17
"01353","যদি প্রেম দিলে না প্রাণে","দাদরা","১",17
"01355","যাত্রাবেলায় রুদ্র রবে","কাহারবা","১",21
"01356","যেতে যদি হয় হবে","দাদরা","১",17
"01357","রজনীর শেষ তারা, গোপনে আঁধারে","কাহারবা","১",24
"01358","রহি রহি আনন্দতরঙ্গ জাগে","তিনতালা","১",21
"01359","রুদ্রবেশে কেমন খেলা","কাহারবা","২",21
"01361","লহো লহো তুলে লহো","তেওড়া","২",24
"01362","শেষ নাহি যে, শেষ কথা কে বলবে","কাহারবা","২",26
"01363","সকল গর্ব দূর করি দিব","একতালা","১",17
"01364","সুন্দর বটে তব অঙগদখানি","কাহারবা","২",21
"01365","সুন্দর বহে আনন্দমন্দানিল","সুরফাঁক","১",14
"01366","সে যে মনের মানুষ","দাদরা","২",20
"01367","হাওয়া লাগে গানের পালে","দাদরা","২",21
"01368","হার মানালে গো","কাওয়ালি(৪/৪)","২",21
"01369","হৃদয়শশী হৃদিগগনে উদিল মঙ্গললগনে","একতালা","১",17
"01370","হৃদয়ে হৃদয়ে আসি মিলে যায় যেথা","ঝাঁপ","১",15
"01371","হে নিখিলভারধারণ বিশ্ববিধাতা","দাদরা","১",15
"01373","নৃত্যের তালে তালে নটরাজ,","তালমুক্ত","১",30
"01374","নাই ভয়, নাই ভয়, নাই রে","কাহারবা","১",21
"01375","প্রলয়নাচন নাচলে যখন আপন ভুলে","দাদরা","২",17
"01376","কালের মন্দিরা যে সদাই বাজে ডাইনে বাঁয়ে দুই হাতে","কাহারবা","১",21
"01377","মম চিত্তে নিতি নৃত্যে","কাশ্মীরি","২",20
"01379","কমলবনের মধুপরাজি","একতালা","১",17
"01381","মধুর মধুর ধ্বনি বাজে","কাহারবা","১",25
"01383","আমার নাই বা হলো পারে যাওয়া","দাদরা","১",17
"01387","রাঙিয়ে দিয়ে যাও","দাদরা","১",17
"01388","আমার অন্ধপ্রদীপ শূন্য-পানে","দাদরা","১",17
"01389","কেনো যে মন ভোলে আমার মন জানে না","দাদরা","১",21
"01390","আমারে ডাক দিল কে","দাদরা","১",23
"01391","হাটের ধুলা সয় না যে আর, কাতর করে প্রাণ","দাদরা","১",23
"01392","আমি  একলা চলেছি এ ভবে","দাদরা","১",25
"01393","স্বপন-পারের ডাক শুনেছি","দাদরা","২",17
"01396","পাগল যে তুই, কন্ঠ ভরে","দাদরা","২",25
"01397","খেলাঘর বাঁধতে লেগেছি আমার","দাদরা","২",17
"01399","আমার জীর্ন পাতা যাবার","তেওড়া","২",21
"01400","এ শুধু অলস মায়া","তিনতালা","১",21
"01401","যে আমি ওই ভেসে চলে","দাদরা","২",21
"01403","তরীতে পা দিই নি","দাদরা","১",17
"01404","আমি  ফিরব না রে","কাশ্মীরি","১",17
"01405","আয় আয় রে পাগল","দাদরা","১",20
"01407","আকাশ হতে আকাশ - পথে","দাদরা","১",22
"01408","আলোক-চোরা লুকিয়ে এল ওই-","ষষ্ঠী(২/৪)","২",17
"01409","জাগ,আলসশয়নবিলগ্ন জাগ আলস-শয়ন-বিলগ্ন","কাহারবা","২",21
"01411","মোরা সত্যের 'পরে","একতালা","১",17
"01412","আমাদের শান্তিনিকেতন","দাদরা","২",21
"01413","না গো, এই যে ধুলা আমার না এ","দাদরা","২",17
"01414","জীবন আমার চলছে যেমন তেমনি ভাবে","দাদরা","২",19
"01415","কী পাই নি তারি হিসাব মিলাতে","কাহারবা","১",21
"01416","আমি সব নিতে চাই","দাদরা","১",17
"01417","আলো আমার আলো","দাদরা","১",17
"01418","ওরে ওরে ওরে,আমার মন মেতেছে","দাদরা","১",17
"01420","আনন্দেরই সাগর হতে এসেছে আজ বান","তেওড়া","২",27
"01421","খরবায়ু বয় বেগে","কাওয়ালি(৪/৪)","২",21
"01423","গগনে গগনে ধায় হাঁকি","দাদরা","১",17
"01425","ওই ঝঞ্ঝার ঝঙ্কারে ঝঙ্কারে বাজল ভেরী","কাহারবা","২",21
"01427","নাহয় তোমার যা হয়েছে তাই হল","দাদরা","১",17
"01428","সে কোন্ বনের হরিণ","দাদরা","১",17
"01430","এমনি করেই যায় যদি দিন","তেওড়া","১",21
"01432","ফিরে ফিরে আমায় মিছে ডাকো স্বামী","দাদরা","২",22
"01435","আমাকে যে বাঁধবে ধরে","কাশ্মীরি","১",17
"01436","আমি চঞ্চল হে,","দাদরা","২",17
"01437","ওরে সাবধানী পথিক","একতালা","১",19
"01438","তরী আমার হঠাৎ ডুৱে যায়","কাহারবা","২",21
"01439","আমি কেবলই স্বপন করেছি বপন","একতালা","১",17
"01443","দূর রজনীর স্বপন লাগে","কাওয়ালি(৪/৪)","২",21
"01446","কৃষ্ণকলি আমি তারেই বলি","দাদরা","৩",22
"01447","তুমি কি কেবলই ছবি,শুধু পটে লিখা","কাহারবা","১",21
"01448","আজ তারায় তারায় দীপ্ত শিখার অগ্নি জ্বলে","দাদরা","১",17
"01449","ওরে প্রজাপতি","কাওয়ালি(৪/৪)","২",22
"01450","নমো যন্ত্র,নমো -যন্ত্র","দাদরা","১",17
"01451","ওগো নদী,আপন বেগে","দাদরা","১",24
"01452","প্রাঙ্গণে মোর শিরীষশাখায়","দাদরা","২",21
"01453","হে  আকাশবিহারী নীরদবাহন জল","দাদরা","২",17
"01455","ও কি এল ও, কি এল না","দাদরা","২",17
"01456","দূরদেশী সেই রাখাল ছেলে","দাদরা","১",20
"01457","বাজে গুরু গুরু শঙ্কার ডঙ্কা","কাহারবা","২",21
"01461","দেখা না-দেখায় মেশা","দাদরা","২",17
"01464","আধেক ঘুমে নয়ন চুমে","দাদরা","২",17
"01465","পাখি বলে, 'চাঁপা, আমারে কও","সুরফাঁক(৩/২/৩/২)","১",15
"01466","মাটির বুকের মাঝে বন্দী যে জল","দাদরা","১",17
"01467","আমি সন্ধ্যাদীপের শিখা,","দাদরা","১",21
"01468","মাটির প্রদীপ খানি আছে","দাদরা","১",21
"01473","আমরা খুঁজি খেলার সাথি----","দাদরা","১",17
"01479","আমার যাবার সময় হল","একতালা","১",17
"01480","আমিই শুধুই রইনু বাকি","একতালা","১",17
"01483","ওগো পুরবাসী","কাহারবা","১",21
"01484","ওগো ভাগ্যদেবী পিতামহী, মিটল আমার আশ","দাদরা","২",17
"01485","ওগো তোমরা সবাই ভালো (যার অদৃষ্টে যেমনি জুটেছে)","দাদরা","১",21
"01486","ওর ভাব দেখে যে পায় হাসি,","দাদরা","১",26
"01487","কঠিন লোহা কঠিন ঘুমে","দাদরা","১",19
"01488","কাঁটাবনবিহারিণী সুর-কানা দেবী","কাহারবা","২",21
"01491","ছিল যে পরানের অন্ধকারে","একতালা","১",17
"01494","পরবাসী,চলে এসো ঘরে","কাহারবা","১",25
"01496","ভালো মানুষ নই রে মোরা","দাদরা","১",21
"01499","মোদের যেমন খেলা তেমন যে কাজ","দাদরা","১",18
"01500","যাহা পাও তাই লও","তেওড়া","১",21
"01501","যে কাঁদনে হিয়া কাঁদিছে","নবতাল(৬/৩)","১",13
"01502","ওরে, যেতে হবে, যেতে হবে রে","আড়াঠেকা","১",21
"01503","নামে","কাহারবা","১",21
"01505","সন্ন্যাসী যে জাগিল ওই, জাগিল ওই, জাগিল","তেওড়া","২",22
"01507","সারা বরষ দেখি নে,মা,","একতালা","১",17
"01508","সুন্দরের বন্ধন নিষ্ঠুরের হাতে","দাদরা","১",17
"01509","সে কোন পাগল যায়","দাদরা","২",17
"01510","হায় হায় রে পরবাসী","কাহারবা","২",24
"01511","হায় হায় হায় দিন চলি যায়","দাদরা","২",21
"01512","পথ দিয়ে কে যায় গো চলে","তেওড়া","১",22
"01513","দুইটি হৃদয়ে একটি আসন","একতালা","১",19
"01514","সুধাসাগরতীরে হে, এসেছে নরনারী সুধারসপিয়াসে","ধামার(৩/২/২/৩/৪)","১",24
"01516","দুটি প্রাণ এক ঠাঁই","ঝাঁপ","১",15
"01517","সুখে থাকো আর সুখী করো সবে","একতালা","১",19
"01518","দুই হৃদয়ের নদী","ঝাঁপ","১",15
"01520","যে তরণীখানি ভাসালে দুজনে","একতালা","১",17
"01523","আয় আমাদের অঙ্গনে","দাদরা","২",17
"01524","মরুবিজয়ের কেতন উড়াও শূন্যে","দাদরা","২",18
"01525","ওহে নবীন অতিথি","দাদরা","২",21
"01526","এসো হে গৃহদেবতা","কাহারবা","১",26
"01528","আয় রে মোরা ফসল কাটি","দাদরা","২",17
"01529","অগ্নিশিখা,এসো এসো, আনো আনো আলো","কাহারবা","২",24
"01530","এসো এসো প্রাণের উৎসবে","কাহারবা","১",21
"01531","বিশ্বরাজালয়ে বিশ্ববীণা বাজিছে","তালমুক্ত","১",21
"01533","তোমার আনণ্দ ওই গো","দাদরা(৩/৩)","২",25
"01534","গগনের থালে রবি চন্দ্র দীপক জ্বলে,","ঝাঁপ","১",15
"01535","এ হরিসুন্দর,এ হরিসুন্দর","কাহারবা","২",21
"01536","আমরা যে শিশু অতি","ঝাঁপ","১",16
"01537","মহাসিংহাসনে বসি","ঝাঁপ","১",15
"01538","দিবানিশি করিয়া যতন","তিনতালা","১",21
"01539","কোথা আছ,প্রভু","একতালা","১",19
"01540","কী করিলি মোহের ছলনে","তিনতালা","১",21
"01541","দেখ্ চেয়ে দেখ্ তোরা","ঝাঁপ","১",15
"01542","আজি শুভদিনে পিতার ভবনে","তালমুক্ত","১",21
"01544","বর্ষ ওই গেল চলে","আড়াঠেকা","১",26
"01545","তুমি কি গো পিতা আমাদের !","তিনতালা","১",21
"01547","সংসারেতে চারি ধার","আড়াঠেকা","১",21
"01548","কী দিব তোমায়","তিনতালা","১",21
"01549","তোমারেই প্রাণের আশা কহিব !","কাহারবা","২",24
"01550","হাতে লয়ে দীপ অগণন","ঝাঁপ","১",15
"01551","সকাতরে ওই কাঁদিছে সকলে","একতালা","১",17
"01553","আজি এনেছে তাঁহারি আশীর্বাদ","ঝাঁপ","১",15
"01554","চলিয়াছি গৃহপানে,","তিনতালা","১",27
"01556","ভব কোলাহল","তিনতালা","১",21
"01558","তবে কি ফিরিব","তিনতালা","১",21
"01560","দুখ দূর করিলে","ঝাঁপ","১",15
"01561","দাও হে হৃদয় ভরে দাও","তিনতালা","১",25
"01563","ডেকেছেন প্রিয়তম","ঝাঁপ","১",15
"01564","চলেছে তরণী প্রসাদপবনে","তেওড়া","১",21
"01565","পিতার দুয়ারে দাঁড়াইয়া সবে","একতালা","১",17
"01566","তোমায় যতনে রাখিব হে","ঝাঁপ","১",15
"01568","দুঃখের কথা তোমায় বলিব না","একতালা","১",17
"01569","তাঁহার আনন্দধারা জগতে যেতেছে বয়ে","আড়াঠেকা","১",22
"01570","হরি তোমায় ডাকি,","দাদরা","২",18
"01571","আমার ছ জনায় মিলে","একতালা","১",21
"01572","ঘোরা রজনী, এ মোহঘনঘটা","তিনতালা","১",21
"01574","মিটিল সব ক্ষুধা","কাওয়ালি(৪/৪)","২",21
"01575","তারো তারো হরি দীনজনে","তিনতালা","১",21
"01576","তব  প্রেমসুধারসে মেতেছি","তিনতালা","১",26
"01577","আমারেও করো মার্জনা","ঝাঁপ","১",15
"01578","ফিরো না ফিরো না আজি","তিনতালা","১",26
"01579","সবে মিলি গাও রে","দাদরা","১",19
"01580","স্বরূপ তাঁর কে জানে","সুরফাঁক","১",14
"01581","তোমারে জানি নে হে","ঝাঁপ","১",17
"01582","এবার বুঝেছি সখা,","আড়াঠেকা","১",21
"01583","চাহি না সুখে থাকিতে","একতালা","১",17
"01584","আজ বুঝি আইল প্রিয়তম","তিনতালা","১",25
"01585","হে মন,তাঁরে দেখো","রুপক","১",21
"01587","আজি রাজ আসনে তোমারে বসাইব","ধামার(৩/২/২/৩/৪)","১",23
"01589","মহাবিশ্বে মহাকাশে মহাকাল- মাঝে তালান্তর","তিনতালা","১",21
"01590","আইল শান্ত সন্ধ্যা,","চৌতাল(২/২/২/২/২/২)","১",19
"01592","আমারে করো জীবনদান","দাদরা","১",19
"01594","মহানন্দে হেরো গো সবে","তেওড়া","১",25
"01595","প্রভু, খেলেছি অনেক খেলা-","একতালা","১",21
"01596","আমি জেনে শুনে তবু ভুলে আছি","দাদরা","১",21
"01600","নয়ন তোমারে পায় না দেখিতে","একতালা","১",17
"01601","মাঝে মাঝে তব দেখা পাই","দাদরা","১",21
"01602","ওহে জীবনবল্লভ","একতালা","১",25
"01605","যাত্রী আমি ওরে","দাদরা","১",17
"01607","সুখের মাঝে তোমায় দেখেছি","দাদরা","২",17
"01609","মনের মধ্যে নিরবধি শিকল গড়ার কারখানা","দাদরা","১",20
"01610","খেলার সাথি বিদায়দ্বার খোলো","তালমুক্ত","১",26
"01611","যাওয়া-আসারই এই কি খেলা","তালমুক্ত","১",17
"01612","বুঝি ওই সুদূরে ডাকিল মোরে","তালমুক্ত","১",16
"01613","কোন ভীরুকে ভয় দেখাবি","দাদরা","১",19
"01616","শুভ্র প্রভাতে পূর্বগগনে উদিল","তালমুক্ত","১",20
"01619","কেন গো সে মোরে যেন করে না বিশ্বাস","একতালা","১",17
"01620","তোরা বসে গাঁথিস মালা, তারা গলায় পরে","আড়াঠেকা","১",26
"01621","বলি,ও আমার গোলাপ-বালা","খেমটা","১",17
"01622","গোলাপ ফুল ফুটিয়ে আছে","ঝাঁপ","১",15
"01625","শুন নলিনী, খোলো গো আঁখি","খেমটা","১",17
"01628","হৃদয় মোর কোমল অতি, সহিতে নারি রবির জ্যোতি","ঝাঁপ","১",15
"01629","হৃদয়ের মণি আদরিণী মোর","একতালা","১",17
"01630","খুলে দে তরণী, খুলে দে তোরা,","একতালা","১",17
"01631","এ কী হরষ হেরি কাননে","আড়াঠেকা","১",21
"01632","আমি স্বপনে রয়েছি ভোর, সখী, আমারে জাগায়ো না","দাদরা","১",17
"01633","গেল গেল নিয়ে গেল এ প্রণয়স্রোতে","ঝাঁপ","১",15
"01634","হাসি কেন নাই ও নয়নে","কাহারবা","২",21
"01636","কতবার ভেবেছিনু আপনা ভুলিয়া","একতালা","১",17
"01641","হা  সখী ও আদরে আরো বাড়ে","তিনতালা","১",21
"01642","ওকে কেন কাঁদালি","ঝাঁপ","১",15
"01644","চরাচর সকলই মিছে মায়া, ছলনা","তিনতালা","১",21
"01645","তারে দেহো গো আনি","আড়াঠেকা","১",26
"01648","দুজনে দেখা হল","দাদরা","১",21
"01652","ও গান আর গাস্ নে, গাস্ নে, গাস্ নে","একতালা","১",17
"01654","ফুলটি ঝরে গেছে রে","একতালা","১",23
"01655","সখা হে কী দিয়ে আমি তুষিব তোমায়","একতালা","১",17
"01656","বলি গো সজনী, যেয়ো না,","একতালা","১",17
"01657","সহে না যাতনা","তিনতালা","১",21
"01658","যাই যাই, ছেড়ে দাও স্রোতের মুখে ভেসে যাই","দাদরা","১",17
"01661","ফিরায়ো না মুখখানি","কাওয়ালি(৪/৪/৪/৪)","১",21
"01662","হিয়া কাঁপিছে সুখে কি দুখে সখী","তালমুক্ত","১",18
"01663","দাঁড়াও মাথা খাও, যেয়ো না সখা","তিনতালা","১",21
"01664","কে যেতেছিস, আয় রে হেথা-হৃদয়খানি যা না দিয়ে","দাদরা","১",17
"01665","আবার মোরে পাগল করে দিবে কে","দাদরা","২",15
"01667","কাছে ছিলে, দূরে গেলে","দাদরা","২",18
"01670","আজি মোর দ্বারে কাহার মুখ হেরেছি","তিনতালা","১",21
"01673","বিধি ডাগর আঁখি যদি দিয়েছিল","তিনতালা","১",21
"01674","বঁধু মিছে রাগ কোরো না","একতালা","১",17
"01677","বুঝি এল, বুঝি এল ওরে প্রাণ","কাহারবা","১",21
"01679","তরুণ প্রাতের অরুণ আকাশ","দাদরা","১",17
"01686","অবেলায় যদি এসেছে আমার বনে","তেওড়া","২",21
"01687","তুমি তো সেই যাবেই চলে, কিছু তো না রবে বাকি","একতালা","১",17
"01688","আপনহারা মাতোয়ারা","ষষ্ঠী(২/৪)","৩",25
"01690","ওগো জলের রানী","দাদরা","২",17
"01692","চরণরেখা তব যে পথে দিলে লেখি","দাদরা","১",17
"01694","এবার বুঝি ভোলার বেলা হল","কাহারবা","২",23
"01695","কী ধ্বনি বাজে","তালমুক্ত","১",20
"01703","কী বেদনা মোর","দাদরা","২",17
"01704","আমার কী বেদনা সে কি জানো","দাদরা","২",17
"01709","রিমিকি ঝিমিকি ঝরে ভাদরের ধারা","তালমুক্ত","৩",21
"01710","আজি কোন্ সুরে বাঁধিব","কাহারবা","২",24
"01711","প্রেম এসেছিল নিঃশব্দচরণে","কাহারবা","১",26
"01712","নির্জন রাতে নিঃশব্দ চরণপাতে কেন এলে","অখন্ড ৪ মাত্রা","৩",21
"01713","এসো  এসো ওগো শ্যামছায়াঘন দিন","কাহারবা","২",26
"01715","যারা বিহান-বেলায় গান এনেছিল আমার মনে","তালমুক্ত","১",21
"01720","বিশ্ববিদ্যাতীর্থপ্রাঙ্গণ কর'","তেওড়া","২",24
"01725","নবজীবনের যাত্রাপথে","কাহারবা","২",21
"01727","সমুখে শান্তিপারাবার","কাহারবা","২",21
"01728","একদিন যারা মেরেছিল তাঁরে গিয়ে","দাদরা","২",20
"01729","ওই মহামানব আসে","কাহারবা","২",21
"01730","হে নূতন দেখা দিক আর-বার","কাহারবা","২",21
"01732","প্রেমের মিলনদিনে","কাহারবা","২",26
"01733","সুমঙ্গলী বধূ","কাহারবা","২",21
"01735","জ্বল্ জ্বল্ চিতা, দ্বিগুণ দ্বিগুন","একতালা","১",17
"01736","হৃদয়ে রাখো  গো দেবী, চরণ তোমার","তিনতালা","১",21
"01737","নীরব রজনী দেখো মগ্ন জোছনায়","মধ্যমান","১",21
"01738","ক্ষমা করো মোরে সখী","অর্দ্ধঝাঁপ","২",15
"01744","আঁধার শাখা উজল করি","ঝাঁপ","১",15
"01745","সখী, ভাবনা কাহারে বলে","একতালা","১",17
"01746","কাছে তার যাই যদি","কাহারবা","১",21
"01749","কিছুই তো হল না","আড়াঠেকা","১",21
"01752","বুঝেছি বুঝেছি সখা, ভেঙেছে প্রণয়!","আড়াঠেকা","১",26
"01753","তুই রে বসন্তসমীরণ","ঝাঁপ","১",15
"01754","বসন্তপ্রভাতে এক মালতীর ফুল","ঝাঁপ","১",15
"01755","তরুতলে ছিন্নবৃন্ত মালতীর ফুল","ঝাঁপ","১",15
"01756","যোগী হে, কে তুমি হৃদি-আসনে!","একতালা","১",17
"01759","প্রিয়ে,তোমার ঢেঁকি হলে যেতেম বেঁচে","দাদরা","১",19
"01760","কথা কোস্ নে লো রাই,","দাদরা","১",21
"01761","ওই জানালার কাছে বসে আছে","একতালা","১",19
"01762","সাধ করে কেন, সখা ঘটাবে গেরো","দাদরা","২",17
"01763","ধীরে ধীরে প্রাণে আমার","ঝাঁপ","১",15
"01764","তুমি আছ কোন্ পাড়া?","দাদরা","২",19
"01765","দেখো ওই কে এসেছে - চাও সখী, চাও","খেমটা","১",19
"01766","ভালো যদি বাস, সখী, কী দিব গো আর-","ঝাঁপ","১",15
"01767","ও কেন ভালোবাসা জানাতে আসে ওলো সজনী","খেমটা","১",21
"01768","ভালোবাসিলে যদি সে ভালো না বাসে","একতালা","১",21
"01769","হা, কে বলে দেবে","তিনতালা","১",21
"01770","কেন  রে চাস ফিরে ফিরে","খেমটা","১",21
"01771","প্রমোদে ঢালিয়া দিনু মন","তিনতালা","১",21
"01772","সখা, সাধিতে সাধাতে কত সুখ","দাদরা","১",21
"01773","এত ফুল কে ফোটালে কাননে","দাদরা","১",17
"01774","আমাদের সখীরে কে নিয়ে যাবে রে","দাদরা","২",21
"01775","কোথা ছিলি সজনী লো","তিনতালা","১",21
"01776","ও কী কথা বল সখী","কাহারবা","২",21
"01777","মধুর মিলন","দাদরা","২",31
"01778","মা একবার দাঁড়া গো হেরি","মধ্যমান","১",21
"01779","মা আমার কেন তোরে","তিনতালা","১",25
"01780","ওই আঁখি রে","ঝাঁপ","১",15
"01781","আজ  আসবে শ্যাম গোকুলে ফিরে","খেমটা","১",19
"01782","রাজ-অধিরাজ, তব ভালে জয়মালা-","ঝাঁপ","১",15
"01783","ঝর ঝর রক্ত","দাদরা","২",17
"01784","উলঙ্গিনী নাচে রণরঙ্গে","দাদরা","১",17
"01785","থাকতে আর তো পারলি নে মা","দাদরা","১",17
"01786","খাঁচার পাখি ছিল সোনার খাঁচাটিতে","যৎ(৩/৪/৩/৪)","১",19
"01792","এ কি সত্য সকলই সত্য, হে আমার চিরভক্ত","দাদরা","১",17
"01796","যদি জোটে রোজ","একতালা","১",21
"01797","অভয় দাও তো বলি","তালমুক্ত","১",16
"01798","কত কাল রবে বল'","তিনতালা","১",21
"01799","কী জানি কী ভেবেছ মনে","তালমুক্ত","১",14
"01800","পাছে চেয়ে বসে আমার মন","তালমুক্ত","১",16
"01801","বড়ো থাকি কাছাকাছি","তালমুক্ত","১",15
"01803","দেখব কে তোর","দাদরা","২",17
"01806","স্বর্গে তোমা‎য় নিয়ে যাবে উড়িয়ে","তালমুক্ত","১",16
"01816","মনোমন্দিরসুন্দরী","দাদরা","২",17
"01817","তোমার কটি-তটের ধটি কে দিল রাঙিয়া","ঝম্পক","১",15
"01818","রাজরাজেন্দ্র জয়","ঝাঁপ","১",18
"01819","আমরা বসব তোমার সনে","দাদরা","১",21
"01820","বঁধুয়া, অসময়ে কেন হে প্রকাশ","ঝাঁপ","১",15
"01822","মলিন মুখে ফুটুক হাসি","তেওড়া","১",21
"01827","এই  একলা মোদের হাজার মানুষ","দাদরা","১",17
"01829","মোরা চল্‌ব না","দাদরা","২",17
"01835","ওতো আর  ফিরবে না রে","দাদরা","১",23
"01836","বাজে রে বাজে ডমরু বাজে","দাদরা","২",21
"01845","বাজো রে বাঁশরি","কাহারবা","১",24
"01846","তোমায় সাজাব যতনে","কাহারবা","২",21
"01847","নমো নমো শচীচিতরঞ্জন","কাহারবা","২",21
"01848","নহ মাতা, নহ কন্যা, নহ বধূ, সুন্দরী রূপসী","কাহারবা","২",21
"01853","জয় জয় তাসবংশ-অবতংস","কাহারবা","১",21
"01854","তোলন নামন পিছন সামন","কাহারবা","১",21
"01855","আমারা চিত্র অতি বিচিত্র","কাহারবা","১",21
"01856","চিঁড়েতন হরতন ইস্কাবন","কাহারবা","১",21
"01857","চলো নিয়ম মতে","দাদরা","২",17
"01858","হা-আ-আ-আ-ই","কাহারবা","১",21
"01859","হাঁচ্ছো: ভয় কী দেখাচ্ছ","কাহারবা","১",21
"01860","ইচ্ছে ইচ্ছে","কাহারবা","২",21
"01861","আমরা দূর আকাশের নেশায় মাতাল ঘরভোলা সব যত","দাদরা","২",17
"01862","বাহির হলেম আমি আপন ভিতর হতে","ষষ্ঠী(২/৪)","২",22
"01866","কোথাও আমার হারিয়ে যাওয়ার","দাদরা","২",17
"01867","গহন কুসুম কুঞ্জ মাঝে","দাদরা","১",17
"01868","বজাও রে মোহন বাঁশি !","তালমুক্ত","১",23
"01870","সতিমির রজনী,","তিনতালা","১",23
"01877","আজু, সখি, মুহু মুহু","ঝাঁপ","১",18
"01879","শুন লো শুন লো বালিকা","একতালা","১",18
"01880","হৃদয়ক সাধ মিশাওল হৃদয়ে","তিনতালা","১",21
"01882","সজনি সজনি রাধিকা লো","একতালা","১",17
"01889","এক সূত্রে বাঁধিয়াছি সহস্রটি মন.","দাদরা","২",17
"01890","একি অন্ধকার এ ভারতভূমি !","দাদরা","২",17
"01891","ওরে ভাই, মিথ্যা ভেবো না","দাদরা","২",17
"01892","কে এসে যায় ফিরে ফিরে আকুল নয়ননীরে","তেওড়া","২",21
"01894","ঢাকো রে মুখ, চন্দ্রমা,","চৌতাল(২/২/২/২/২/২)","১",19
"01895","তবু পারি নে সঁপিতে প্রাণ","একতালা","১",17
"01896","তোমারি তরে, মা, সঁপিনু এ দেহ","একতালা","১",17
"01897","দেশে দেশে ভ্রমি তব","একতালা","১",17
"01900","শোনো শোনো আমাদের ব্যথা","ঝাঁপ","১",15
"01901","হে ভারত, আজি তোমারি সভায়","একতালা","১",21
"01902","একবার তোরা মা বলিয়া ডাক্,","একতালা","১",21
"01918","প্রথম যুগের উদয় দিগঙ্গনে","দাদরা","২",19
"01919","যে আমারে দিয়েছে ডাক","কাহারবা","১",21
"01920","বলে, দাও জল দাও জল","দাদরা","১",17
"01921","চক্ষে আমার তৃষ্ণা","দাদরা","১",26
"01922","ফুল বলে ধন্য আমি","কাহারবা","১",26
"01923","আমায় দোষী করো","দাদরা","১",17
"01924","দুঃখ দিয়ে মেটাব দুঃখ তোমার","কাহারবা","১",21
"01925","নব বসন্তের দানের ডালি","দাদরা","১",17
"01927","দই চাই গো, দই চাই, দই চাই গো","কাহারবা","১",28
"01928","ওকে ছুঁয়ো না ছুঁয়ো না ছি","দাদরা","১",20
"01929","ওগো তোমরা যত পাড়ার মেয়ে","দাদরা","১",17
"01931","কী যে ভাবিস তুই অন্য মনে","কাহারবা","১",21
"01932","কাজ নেই কাজ নেই মা","কাহারবা","১",24
"01933","জল দাও আমায়, জল দাও","কাহারবা","১",21
"01934","ক্ষমা করো প্রভু ক্ষমা করো মোরে","কাহারবা","১",21
"01935","শুধু একটু গণ্ডূষ জল","তেওড়া","১",21
"01936","মাটি তোদের ডাক দিয়েছে","দাদরা","১",17
"01937","ওগো ডেকো না মোরে ডেকো না","তেওড়া","২",25
"01938","স্বর্ণবর্ণে সমুজ্জ্বল","তেওড়া","২",21
"01939","তুই অবাক্ করে দিলি আমায় মেয়ে","দাদরা","১",20
"01940","কিসের ডাক তোর কিসের ডাক","তেওড়া","২",26
"01941","হাঁ গো মা, সেই কথাই তো বলে গেলেন তিনি","দাদরা","১",19
"01942","কী কথা বলিস তুই","দাদরা","১",18
"01943","এ নতুন জন্ম, নতুন জন্ম","দাদরা","২",21
"01944","সে যে পথিক আমার","অর্দ্ধঝাঁপ","২",19
"01945","বাছা সহজ করে বল্ আমাকে","দাদরা","১",21
"01946","আমি চাই তাঁরে","কাহারবা","১",21
"01948","ওগো মা, ঐ কথাই তো ভালো","কাহারবা","১",21
"01950","তুই যে আমার বুক চেরা ধন","কাহারবা","১",21
"01952","মা, ওই যে তিনি চলেছেন","কাহারবা","১",26
"01953","ওরে বাছা, দেখতে পারি নে তোর্ দুঃখ","ঝাঁপ","১",16
"01954","পড়্ তুই সব চেয়ে নিষ্ঠুর মন্ত্র","কাহারবা","১",21
"01955","যায় যদি যাক্ সাগরতীরে","কাহারবা","১",21
"01956","ভাবনা করিস নে তুই","কাহারবা","১",22
"01957","ঐ দেখ্ পশ্চিমে মেঘ ঘনাল","কাহারবা","১",21
"01958","লজ্জা, ছি ছি লজ্জা","কাহারবা","১",21
"01959","ওরে বাছা, এখনি অধীর হলি যদি","কাহারবা","১",21
"01960","আমি দেখব না আমি দেখব না","কাহারবা","১",21
"01961","থাক্ তবে থাক্ এই মায়া","কাহারবা","১",21
"01962","সেই ভালো মা সেই ভালো","কাহারবা","১",21
"01963","মা গো এত দিনে মনে হচ্ছে যেন","দাদরা","১",21
"01964","ঘন কালো মেঘ তার পিছনে","কাহারবা","১",21
"01965","ক্ষুধার্ত প্রেম, তার নাই দয়া","কাহারবা","১",21
"01967","ঘুমের ঘন গহন হতে","ঝম্পক","৩",23
"01968","না, দেখব না, আমি দেখব না","কাহারবা","১",24
"01969","অভিশাপ নয় নয়","কাহারবা","১",21
"01970","ও মা, ও মা, ও মা","কাহারবা","১",21
"01971","প্রভু, এসেছ উদ্ধারিতে আমায়","কাহারবা","১",21
"01972","মোহিনী মায়া এল","কাহারবা","১",30
"01973","গুরুগুরু গুরুগুরু ঘন মেঘ গরজে","কাহারবা","১",21
"01974","অহো, কী দুঃসহ স্পর্ধা","কাহারবা","১",21
"01975","হা হতভাগিনী","কাহারবা","১",21
"01976","বেলা যায় বহিয়া , দাও কহিয়া","কাহারবা","১",21
"01977","থাক্ থাক্, মিছে কেন এই খেলা আর","কাহারবা","১",21
"01978","ওরে ঝড় নেমে আয়","কাহারবা","১",21
"01979","বঁধু কোন্ আলো লাগল চোখে","কাহারবা","১",22
"01980","যাও যদি যাও তবে তোমায় ফিরিতে হবে","কাহারবা","১",21
"01981","শুনি ক্ষণে ক্ষণে মনে মনে","কাহারবা","১",26
"01982","দে তোরা আমার নূতন করে দে নূতন আভরণে","কাহারবা","১",21
"01983","আমি তোমারে করিব নিবেদন","দাদরা","১",22
"01984","ক্ষমা করো আমায়","কাহারবা","১",21
"01985","রোদন ভরা এ বসন্ত","কাহারবা","১",24
"01986","তোমার বৈশাখে ছিল","রুপক(৩/৪)","২",19
"01987","আমার এই রিক্ত ডালি","দাদরা","১",21
"01988","মণিপুর নৃপদুহিতা তোমারে চিনি","কাহারবা","১",21
"01989","পুরুষের বিদ্যা করেছিনু শিক্ষা","কাহারবা","১",21
"01990","তাই আমি দিনু বর","কাহারবা","১",23
"01991","আমার অঙ্গে অঙ্গে কে বাজায় বাঁশি","কাহারবা","১",21
"01992","স্বপ্নমদির নেশায় মেশা এ উন্মওতা","দাদরা","১",17
"01993","এরে ক্ষমা কোরো সখা","কাহারবা","১",21
"01994","কাহারে হেরিলাম","কাহারবা","১",26
"01995","তুমি অতিথি অতিথি আমার","কাহারবা","১",21
"01996","পাণ্ডব আমি অর্জুন গাণ্ডীবধন্বা","দাদরা","১",17
"01997","কোন্ ছলনা এ যে নিয়েছে আকার","কাহারবা","১",21
"01998","কোন্ দেবতা সে কী পরিহাসে","কাহারবা","১",23
"01999","অশান্তি আজ হানল এ কী দহনজ্বালা","দাদরা","১",17
"02000","ভস্মে ঢাকে ক্লান্ত হুতাশন","কাহারবা","১",21
"02001","না না সখী ভয় নেই","কাহারবা","১",24
"02002","কেটেছে একেলা বিরহের বেলা","কাহারবা","১",21
"02003","কেন রে ক্লান্তি আসে","ষষ্ঠী(২/৪)","১",17
"02004","হো এল এল এল রে দস্যুর দল","কাহারবা","১",21
"02005","সন্ত্রাসের বিহ্বলতা নিজেরে অপমান","দাদরা","১",17
"02006","চিত্রাঙ্গদা রাজকুমারী কেমন না জানি","কাহারবা","১",21
"02007","ছি ছি কুৎসিত কুরূপ সে","কাহারবা","১",24
"02008","আগ্রহ মোর অধীর অতি","কাহারবা","১",21
"02009","নারীর ললিত লোভন লীলায়","দাদরা","১",17
"02010","যদি মিলে দেখা তবে তারি সাথে","কাহারবা","১",21
"02011","ভাগ্যবতী সে যে","কাহারবা","১",26
"02012","লহো লহো ফিরে লহো তোমার এই বর হে অনঙ্গদেব","দাদরা","১",21
"02013","তাই হোক তবে তাই হোক","কাহারবা","১",23
"02014","বিনা সাজে সাজি","দাদরা","১",19
"02015","এসো এসো পুরুষোত্তম","কাহারবা","১",21
"02016","আমি চিত্রাঙ্গদা","কাহারবা","১",24
"02017","তৃষ্ণার শান্তি","কাহারবা","১",21
"02018","এসো এসো বসন্ত ধরাতলে","কাহারবা","১",21
"02019","তুমি ইন্দ্রমণির হার","দাদরা","১",17
"02020","না না না বন্ধু","কাহারবা","১",24
"02023","এই পেটিকা আমার বুকের পাঁজর যে রে","দাদরা","১",20
"02024","ভালো ভালো, তুমি দেখব পালাও কোথা","দাদরা","১",21
"02025","হে বিরহী, হায়, চঞ্চল হিয়া তব","কাহারবা","১",21
"02026","ফিরে যাও, কেন ফিরে ফিরে যাও","অর্দ্ধঝাঁপ","৩",22
"02029","জীবনে পরম লগন কোরো না হেলা,","দাদরা","১",17
"02030","ধরা সে যে দেয় নাই,দেয় নাই","কাহারবা","১",21
"02032","আহা মরি মরি","ষষ্ঠী(২/৪)","১",17
"02033","সুন্দরের বন্ধন নিষ্ঠুরের হাতে","দাদরা","১",17
"02034","তোমাদের এ কী ভ্রান্তি","কাহারবা","১",21
"02037","রাজার প্রহরী ওরা","দাদরা","১",17
"02038","ন্যায় অন্যায় জানি নে জানি নে","দাদরা","১",17
"02039","এতদিন তুমি সখা চাহ নি কিছু","কাহারবা","১",21
"02040","আমার জীবনপাত্র উচ্ছলিয়া মাধুরী","দাদরা","১",21
"02041","তোমার প্রেমের বীর্যে তোমার প্রবল  প্রাণ","দাদরা","১",17
"02043","বুক যে ফেটে যায়","কাহারবা","২",23
"02044","নাম লহো দেবতার দেরি তব নাই আর","কাহারবা","২",21
"02046","কোন্ অপরূপ স্বর্গের আলো","কাহারবা","২",21
"02047","বাজে গুরু গুরু শঙ্কার ডঙ্কা","কাহারবা","২",21
"02048","আহা এ কি আনন্দ","ঝাঁপ","১",18
"02049","বোলো না বোলো না বোলো না আমি দয়াময়ী","কাহারবা","২",21
"02050","জেনো প্রেম চিরঋণী","ঝাঁপ","১",15
"02051","প্রেমের জোয়ারে ভাসাবে দোঁহারে","একতালা","১",17
"02052","হায় হায় রে পরবাসী","কাহারবা","২",24
"02053","পুরী হতে পালিয়েছে যে পুরসুন্দরী","একতালা","১",20
"02054","রাজভবনের সমাদর সম্মান ছেড়ে","দাদরা","২",18
"02056","কোন্ বাঁধনের গ্রন্থি বাঁধিল","কাহারবা","২",29
"02057","হৃদয় বসন্তবনে যে মাধুরী বিকাশিল","কাহারবা","২",21
"02058","নীরবে থাকিস সখি ও তুই নীরবে থাকিস","দাদরা","২",22
"02060","কাঁদিতে হবে রে পাপিষ্ঠা","কাহারবা","২",21
"02061","হে ক্ষমা করো, নাথ, ক্ষমা করো","কাহারবা","২",21
"02063","হায় এ কী সমাপন","কাহারবা","২",21
"02065","এসো এসো এসো প্রিয়ে","দাদরা","২",20
"02066","হায় রে নূপুর তার করুণ চরণ ত্যজিলি","দাদরা","২",17
"02067","সব কিছু কেন নিল না","দাদরা","২",17
"02069","ক্ষমিতে পারিলাম না যে ক্ষমো হে মম দীনতা","ঝম্পক","৩",22
"02070","মোরা জলে স্হলে কত ছলে মায়াজাল গাঁথি","দাদরা","২",20
"02071","পথহারা তুমি পথিক যেন গো সুখের কাননে","দাদরা","১",17
"02072","জীবনে আজ কি প্রথম এল বসন্ত","দাদরা","২",21
"02073","কাছে আছে দেখিতে না পাও","দাদরা","২",20
"02074","আমার পরান যাহা চায়","দাদরা","১",24
"02075","সখী, সে গেল কোথায়","দাদরা","২",17
"02076","দে লো সখী, দে পরাইয়ে গলে","দাদরা","২",23
"02077","সখী, বহে গেল বেলা, শুধু হাসিখেলা","দাদরা","২",18
"02078","ওলো, রেখে দে সখী, রেখে দে","দাদরা","২",17
"02079","প্রেমের ফাঁদ পাতা ভুবনে","দাদরা","২",21
"02080","যেয়ো না, যেয়ো না ফিরে","দাদরা","৩",27
"02081","কে ডাকে ! আমি কভু ফিরে নাহি চাই","দাদরা","১",22
"02082","এসেছি গো এসেছি, মন দিতে এসেছি","দাদরা","১",26
"02083","ওকে বলো, সখী, বলো, কেন মিছে করে ছল","দাদরা","২",22
"02084","মিছে ঘুরি এ জগতে কিসের পাকে","দাদরা","২",24
"02085","তারে দেখাতে পারি নে কেন প্রাণ খুলে গো","দাদরা","১",20
"02086","সখা, আপন মন নিয়ে কাঁদিয়ে মরি","দাদরা","২",23
"02087","আমি, জেনে শুনে বিষ করেছি পান","দাদরা","২",28
"02088","ভালোবেসে যদি সুখ নাহি","দাদরা","২",28
"02089","দেখো চেয়ে, দেখো ওই কে আসিছে","দাদরা","১",17
"02091","ভালোবেসে দুখ সেও সুখ, সুখ নাহি আপনাতে","দাদরা","১",23
"02092","ওই কে গো হেসে চায়, চায় প্রাণের পানে","দাদরা","২",25
"02093","দূরে দাঁড়ায়ে আছে, কেন আসে না কাছে","দাদরা","২",22
"02094","প্রেমপাশে ধরা পড়েছে দুজনে","দাদরা","২",18
"02095","ওগো, দেখি, আঁখি তুলে চাও","দাদরা","২",23
"02096","ওকে বোঝা গেল না-চলে আয়, চলে আয়","দাদরা","২",26
"02097","দিবস রজনী, আমি যেন কার","দাদরা","১",18
"02098","সখী, সাধ করে যাহা দিবে তাই লইব","দাদরা","১",22
"02099","আমি হৃদয়ের কথা বলিতে ব্যাকুল","দাদরা","১",20
"02100","নিমেষের তরে শরমে বাধিল","দাদরা","২",24
"02101","ওগো সখী, দেখি দেখি মন কোথা আছে","দাদরা","২",18
"02102","এ তো খেলা নয়, খেলা নয়","দাদরা","২",25
"02103","সে জন কে সখী, বোঝা গেছে","দাদরা","২",19
"02104","ওই মধুর মুখ জাগে মনে","দাদরা","২",18
"02105","তরে কেমনে ধরিবে সখি, যদি ধরা দিলে","দাদরা","২",24
"02106","সকল হৃদয় দিয়ে ভালোবেসেছি যারে","দাদরা","২",29
"02107","তুমি কে গো, সখীরে কেন জানাও জানাও বাসনা","দাদরা","২",24
"02108","তবে সুখে থাকো, সুখে থাকো, আমি যাই","দাদরা","২",22
"02109","সেই শান্তিভবন ভুবন কোথা গেল","দাদরা","১",26
"02110","কাছে ছিলে দূরে গেলে, দূর হতে এস কাছে","দাদরা","২",19
"02111","দেখো সখা, ভুল করে ভালোবেসো না","দাদরা","২",27
"02112","ভুল করেছিনু, ভুল ভেঙেছে","দাদরা","২",22
"02113","অলি বার বার ফিরে যায়","দাদরা(৩/৩)","২",20
"02114","ওই কে আমায় ফিরে ডাকে","দাদরা","২",23
"02115","বিদায় করেছ যারে নয়নজলে","দাদরা","১",16
"02116","না বুঝে কারে তুমি ভাসালে আঁখিজলে","কাহারবা(৪/৪)","২",22
"02117","আমি কারেও বুঝি নে, শুধু বুঝেছি তোমারে","ত্রিতাল(৪/৪/৪/৪)","১",24
"02118","প্রভাত হইল নিশি কানন ঘুরে","দাদরা","২",22
"02120","মধুর বসন্ত এসেছে আমাদের মধুর মিলন ঘটাতে","দাদরা","২",22
"02121","আজি আঁখি জুড়াল হেরিয়ে","দাদরা","১",27
"02122","এ কি স্বপ্ন ! এ কি মায়া","দাদরা","১",24
"02123","আহা, আজি এ বসন্তে এত ফুল ফুটে","দাদরা","১",22
"02124","আমি তো বুঝেছি সব, যে বোঝা না-বোঝে","ঝাঁপ(২/৩/২/৩)","১",22
"02125","এত দিন বুঝি নাই, বুঝেছি ধীরে","দাদরা","১",16
"02126","চাঁদ হাসো, হাসো","দাদরা","১",21
"02127","আর কেন, আর কেন","ত্রিতাল(৪/৪/৪/৪)","১",22
"02128","এ ভাঙা সুখের মাঝে","দাদরা","১",16
"02129","যদি কেহ নাহি চায় আ লইব","দাদরা","২",22
"02130","দুখের মিলন টুটিবার নয়","দাদরা","১",16
"02131","কেন এলি রে, ভালোবাসিলি, ভালোবাসা পেলি নে","দাদরা","১",17
"02132","এরা সুখের লাগি চাহে প্রেম","দাদরা","২",21
"02133","বেলা যে চলে যায়","ঝাঁপ","১",15
"02134","ও ভাই দেখে যা","তিনতালা","১",21
"02135","ও দেখবি রে ভাই","খেমটা","১",17
"02136","কাল সকালে উঠব মোরা","খেমটা","১",17
"02137","সমুখেতে বহিছে তটিনী","তিনতালা","১",26
"02138","ফুলে ফুলে ঢ'লে ঢ'লে","খেমটা","১",17
"02139","নেহার লো সহচরি","তিনতালা","১",21
"02140","জল এনে দে রে বাছা","ঝাঁপ","১",15
"02141","না না কাজ নাই","তিনতালা","১",21
"02142","আমা তরে অকারণে","তিনতালা","১",21
"02143","গহন ঘন ছাইল","তিনতালা","১",21
"02144","ঝম্ ঝম্ ঘন ঘন রে বরষে","তিনতালা","১",22
"02145","আয় লো সজনি সবে","তিনতালা","১",26
"02146","কী ঘোর নিশীথ","তিনতালা","১",24
"02147","মানা না মানিলি","তিনতালা","১",21
"02148","বনে বনে সবে মিলে","কাহারবা","১",21
"02149","জয়তি জয় জয় রাজন","কাহারবা","২",21
"02150","গহনে গহনে যা রে তোরা","দাদরা","১",17
"02151","চল্ চল্ ভাই","কাহারবা","১",31
"02152","প্রান নিয়ে তো সট্ কেছি","খেমটা","১",21
"02153","ঠকুরমশয় দেরি না সয়","একতালা","১",17
"02154","আঃ বেঁচেছি এখন","তালমুক্ত","১",25
"02155","এনেছি মোরা এনেছি মোরা","দাদরা","২",17
"02156","কে এল আজি এ ঘোর নিশীথে","তালমুক্ত","২",24
"02157","না জানি কোথা এলুম","তিনতালা","১",22
"02158","কী করিনু হায়","আড়াঠেকা","১",24
"02159","কী দোষ করেছি","ঝাঁপ","১",15
"02160","আমার প্রাণ যে ব্যাকুল হয়েছে","মধ্যমান","১",21
"02161","বলো বলো পিতা","তিনতালা","১",23
"02162","কে জানে কোথা সে","কাওয়ালি(৪/৪/৪/৪)","১",22
"02163","এতক্ষণে বুঝি এলি রে","দাদরা","১",19
"02164","অজ্ঞানে করহে ক্ষমা","তিনতালা","১",21
"02165","কি বলিলে কি শুনিলাম","তিনতালা","১",21
"02166","ক্ষমা করো মোরে তাত","ঝাঁপ","১",15
"02167","আহা,কেমনে বধিল তোরে","আড়াঠেকা","১",23
"02168","শোক তাপ গেল দূরে","ঝাঁপ","১",15
"02169","যাও রে অনন্ত ধামে","ঝাঁপ","১",16
"02171","সহে না, সহে না, কাঁদে পরান","কাহারবা","২",21
"02172","আঃ বেঁচেছি এখন,","কাহারবা","২",23
"02173","এনেছি মোরা এনেছি মোরা  রাশি রাশি লুটের ভার","দাদরা","২",17
"02174","আজকে তবে মিলে সবে করব লুটের ভাগ","দাদরা","২",21
"02175","এক ডোরে বাঁধা আছি মোরা সকলে","দাদরা","২",17
"02176","এখন কী করব বল্","দাদরা","২",23
"02177","শোন্ তোরা তবে শোন্","ঝাঁপ","১",16
"02178","তবে আয় সবে আয়, তবে আয় সবে আয়","কাহারবা","২",21
"02179","কালী কালী বলো রে আজ","দাদরা","২",21
"02180","ওই মেঘ করে বুঝি গগনে","কাহারবা","২",23
"02181","এ কী  এ ঘোর বন  ! এনু কোথায়","তিনতালা","১",21
"02182","পথ ভুলেছিস সত্যি বটে","একতালা","১",17
"02183","মরি ও কাহার বাছা","তিনতালা","১",21
"02184","রাঙা-পদ পদ্মযুগে প্রণমি গো","একতাল(৪/৪/৪)","১",16
"02185","দেখো হো ঠাকুর, বলি এনেছি মোরা","দাদরা","২",22
"02186","নিয়ে আয় কৃপাণ, রয়েছে তৃষিতা শ্যামা মা","কাহারবা","২",21
"02187","কী দোষে বাঁধিলে আমায়","একতালা","১",21
"02188","এ কেমন হল মন আমার","কাহারবা","২",21
"02189","আরে, কী এত ভাবনা কেছু তো বুঝি না","তিনতালা","১",21
"02190","শোন্ তোরা শোন্ এ আদেশ","কাহারবা","২",21
"02191","ব্যাকুল হয়ে বনে বনে","তিনতালা","১",21
"02192","ছাড়ব না ভাই, ছাড়ব না ভাই","দাদরা","২",17
"02193","রাজা মহারাজা কে জানে, আমিই রাজাধিরাজ","একতালা","১",17
"02194","আছে তোমার বিদ্যে সাধ্যি জানা","কাহারবা","২",21
"02195","আঃ কাজ কি গোলমালে","দাদরা","২",17
"02196","হায়্ কী দশা হল আমার","তিনতালা","১",21
"02197","এত রঙ্গ শিখেছ কোথা মুণ্ডমালিনী","দাদরা","২",21
"02198","অহো ! আস্পর্ধা একি তোদের নরাধম","তিনতালা","১",31
"02199","আয় মা আমার সাথে, কোনো ভয় নাহি আর","ঝাঁপ","১",15
"02200","রিম্ ঝিম্ ঘন ঘন রে বরষে","তিনতালা","১",21
"02201","কোথায় জুড়াতে আছে ঠাঁই","তিনতালা","১",21
"02202","কেন রাজা ডাকিস কেন","দাদরা","২",17
"02203","এই বেলা সবে মিলে চলো হো","কাহারবা","২",21
"02204","গগনে গহনে যা রে তোরা","দাদরা","২",17
"02205","চল্ চল্ ভাই, ত্বরা করে মোরা আগে যাই","কাহারবা","২",23
"02206","কে এল আজি এ ঘোর নিশীথে","তালমুক্ত","২",24
"02207","প্রাণ নিয়ে তো সট্‌‌কেছি রে","দাদরা","২",17
"02208","বলব কী আর বলব খুড়ো","তিনতালা","১",21
"02209","সদার মশায় দেরি না সয়","দাদরা","২",22
"02210","রাখ্ রাখ্ ফেল্ ধনু","কাহারবা","২",21
"02211","আর না আর না, এখানে আর না","দাদরা","২",17
"02212","জীবনে কিছু হল না হায়","তিনতালা","১",21
"02213","দেখ্ দেখ্ দুটো পাখি বসেছে গাছে","তিনতালা","১",21
"02214","থাম্ থাম্,কি করিবি বধি পাখিটির প্রাণ","কাহারবা","২",21
"02215","কী বলিনু আমি ! এ কী সুললিত বাণী রে","চৌতাল(২/২/২/২/২/২)","১",25
"02216","এ কী এ, এ কী এ, স্থির চপলা","কাহারবা","২",21
"02217","নমি নমি ভারতী, তব কমলচরণে","ঝাঁপ","১",15
"02218","শ্যামা, এবার ছেড়ে চলেছি মা","একতালা","১",20
"02219","কোথা লুকাইলে","তিনতালা","১",21
"02220","কেন গো আপন-মনে ভ্রমিছ বনে বনে","ঝাঁপ","১",15
"02221","কোথায় সে উষাময়ী প্রতিমা","কাহারবা","২",23
"02222","বাণী বীণাপাণি করুণাময়ী","ঝাঁপ","১",22
"02223","এই যে হেরি গো দেবী","একতাল(৪/৪/৪)","১",21
"02224","হে বিদেশী এসো এসো","অর্দ্ধঝাঁপ","৩",22
"02296","হায় এ কী সমাপন","কাহারবা","২",21
