"","name","taal","m"
"00003","নিশীথশয়নে ভেবে রাখি মনে, ওগো অন্তরযামী","তেওরা","তেওড়া"
"00005","জাগ' জাগ' রে জাগ' সঙ্গীত","তেওরা","দাদরা"
"00011","প্রভু আমার, প্রিয় আমার পরম ধন হে","একতাল","দাদরা"
"00017","বিশ্ব যখন নিদ্রামগন গগন অন্ধকার","একতাল","দাদরা"
"00018","জীবন যখন শুকায়ে যায় করুণাধারায় এসো","একতাল","দাদরা"
"00019","যা হারিয়ে যায় তা আগলে ব'সে রইব কত আর","একতাল","দাদরা"
"00020","নিভৃত প্রাণের দেবতা যেখানে জাগেন একা","একতাল","দাদরা"
"00022","এমন দিনে তারে বলা যায়","রূপক","তালমুক্ত"
"00026","একটুকু ছোঁওয়া লাগে","দাদরা","অখন্ড ৬ মাত্রা"
"00036","পথে চলে যেতে যেতে কোথা কোন্‌খানে","অর্ধঝাঁপ","অর্দ্ধঝাঁপ"
"00043","তোমার নয়ন আমায় বারে বারে বলেছে গান গাহিবারে॥","খেমটা/ষষ্ঠী","দাদরা"
"00047","জীবনমরণের সীমানা ছাড়ায়ে","রূপকড়া","দাদরা"
"00051","কেন তোমরা আমায় ডাকো, আমার মন না মানে।","কাহারবা","দাদরা"
"00052","দাঁড়িয়ে আছ তুমি আমার গানের ওপারে","ত্রিতাল","দাদরা"
"00053","রাজপুরীতে বাজায় বাঁশি বেলাশেষের তান।","ত্রিতাল","তিনতালা"
"00055","আমি হেথায় থাকি শুধু গাইতে তোমার গান","তেওরা","তেওড়া"
"00065","কবে আমি বাহির হলেম তোমারি গান গেয়ে--","তেওরা","দাদরা"
"00066","তোমায় আমায় মিলন হবে ব'লে আলোয় আকাশ ভরা।","একতাল","দাদরা"
"00067","প্রভু, তোমার বীণা যেমনি বাজে","তেওরা","দাদরা"
"00068","তুমি একলা ঘরে ব'সে ব'সে কী সুর বাজালে","ত্রিতাল","তিনতালা"
"00069","শুধু তোমার বাণী নয় গো, হে বন্ধু, হে প্রিয়","ঝাঁপতাল (বা মুক্তছন্দ)","তালমুক্ত"
"00074","এত আলো জ্বালিয়েছ এই গগনে","কাহারবা","দাদরা"
"00076","বল তো এইবারের মতো","কাহারবা","দাদরা"
"00078","ধীরে বন্ধু, ধীরে ধীরে","দাদরা","অখন্ড ৬ মাত্রা"
"00082","আমার হিয়ার মাঝে লুকিয়ে ছিলে দেখতে আমি পাই নি।","একতাল","দাদরা"
"00085","ওদের সাথে মেলাও যারা চরায় তোমার ধেনু","কাহারবা","দাদরা"
"00088","তোমায় কিছু দেব ব'লে চায় যে আমার মন","ত্রিতাল","তিনতালা"
"00091","আমার সকল রসের ধারা","ত্রিতাল","তিনতালা"
"00092","রাত্রি এসে যেথায় মেশে দিনের পারাবারে","ত্রিতাল বা একতাল","দাদরা"
"00094","সীমার মাঝে, অসীম, তুমি বাজাও আপন সুর--","একতাল","দাদরা"
"00095","আজি যত তারা তব আকাশে","ত্রিতাল","কাওয়ালি(৪/৪)"
"00107","অসীম ধন তো আছে তোমার, তাহে সাধ না মেটে।","একতাল","দাদরা"
"00111","যা হবার তা হবে।","কাহারবা","দাদরা"
"00113","হে মোর দেবতা, ভরিয়া এ দেহ প্রাণ","একতাল","দাদরা"
"00117","তোমার প্রেমে ধন্য কর যারে সত্য ক'রে পায় সে আপনারে॥","তেওরা","তেওড়া"
"00122","ধায় যেন মোর সকল ভালোবাসা","ঝম্পক","দাদরা"
"00128","বাজাও আমারে বাজাও","তেওরা","দাদরা"
"00132","তোমারি রাগিণী জীবনকুজ্ঞে বাজে যেন সদা বাজে গো।","তেওরা","তেওড়া"
"00135","আমার এ ঘরে আপনার করে গৃহদীপখানি জ্বালো হে।","ত্রিতাল","তিনতালা"
"00137","আমার মুখের কথা তোমার নাম দিয়ে দাও ধুয়ে","একতাল","দাদরা"
"00141","আমার বিচার তুমি করো তব আপন করে।","তেওরা","তেওড়া"
"00147","ধনে জনে আছি জড়ায়ে হায়","একতাল","দাদরা"
"00148","তোমারি সেবক করো হে আজি হতে আমারে॥","চৌতাল","দাদরা"
"00150","হৃদয়ে তোমার দয়া যেন পাই।","ত্রিতাল","দাদরা"
"00153","ভয় হতে তব অভয়মাঝে নূতন জনম দাও হে॥","চৌতাল","দাদরা"
"00155","বরিষ ধরা-মাঝে শান্তির বারি","ত্রিতাল","তিনতালা"
"00157","আমার মিলন লাগি তুমি আসছ কবে থেকে","তেওরা","দাদরা"
"00159","তোরা শুনিস নি কি শুনিস নি তার পায়ের ধ্বনি","তেওরা","যৎ(৩/৪/৩/৪)"
"00162","নীরবে আছ কেন বাহিরদুয়ারে--","তেওরা","তেওড়া"
"00163","তোমার আমার এই বিরহের অন্তরালে","অর্ধঝাঁপ","দাদরা"
"00166","যে দিন ফুটল কমল কিছুই জানি নাই","তেওরা","দাদরা"
"00168","যদি তোমার দেখা না পাই, প্রভু, এবার এ জীবনে","একতাল","দাদরা"
"00172","সকাল-সাঁজে","কাহারবা","দাদরা"
"00173","জগত জুড়ে উদার সুরে আনন্দগান বাজে","তেওরা","দাদরা"
"00175","আজ জ্যোৎস্নারাতে সবাই গেছে বনে","তেওরা","দাদরা"
"00180","এখনো গেল না আঁধার, এখনো রহিল বাধা।","ত্রিতাল","তিনতালা"
"00182","যেতে যেতে চায় না যেতে, ফিরে ফিরে চায়--","একতাল","ঝাঁপ"
"00183","বেসুর বাজে রে","কাহারবা","দাদরা"
"00184","আমার কণ্ঠ তাঁরে ডাকে","ত্রিতাল","দাদরা"
"00187","অগ্নিবীণা বাজাও তুমি কেমন ক'রে!","তেওরা","তেওড়া"
"00188","পথ চেয়ে যে কেটে গেল কত দিনে রাতে","ত্রিতাল","আড়াঠেকা"
"00189","সন্ধ্যা হল গো-- ও মা, সন্ধ্যা হল, বুকে ধরো।","একতাল","দাদরা"
"00192","সকল জনম ভরে ও মোর দরদিয়া","মুক্তছন্দ","তালমুক্ত"
"00193","আমার ব্যথা যখন আনে আমায় তোমার দ্বারে","একতাল","দাদরা"
"00196","তুমি নব নব রূপে এসো প্রাণে","ত্রিতাল","তিনতালা"
"00201","আজি মম মন চাহে জীবনবন্ধুরে","চৌতাল","দাদরা"
"00204","এই মলিন বস্ত্র ছাড়তে হবে, হবে গো এইবার--","একতাল","দাদরা"
"00220","সেই তো আমি চাই--","তেওরা","তেওড়া"
"00236","আমার যে আসে কাছে, যে যায় চলে দূরে","তেওরা","দাদরা"
"00242","এই করেছ ভালো, নিঠুর হে, নিঠুর হে, এই করেছ ভালো।","একতাল","দাদরা"
"00252","তোমার কাছে শান্তি চাব না","তেওরা","তেওড়া"
"00255","তোমার পতাকা যারে দাও তারে বহিবারে দাও শকতি।","ত্রিতাল","কাহারবা"
"00256","তোমার সোনার থালায় সাজাব আজ দুখের অশ্রুধার।","ত্রিতাল","তিনতালা"
"00261","নয় এ মধুর খেলা--","ত্রিতাল","দাদরা"
"00270","যখন তুমি বাঁধছিলে তার সে যে বিষম ব্যথা--","তেওরা","তেওড়া"
"00291","নিদ্রাহারা রাতের এ গান বাঁধব আমি কেমন সুরে।","ষষ্ঠী","দাদরা"
"00293","যায় নিয়ে যায় আমায় আপন গানের টানে","২+ ২ ছন্দ","তালমুক্ত"
"00294","দিয়ে গেনু বসন্তের এই গান্খানি--","কাহারবা","কাওয়ালি(৪/৪)"
"00310","আমার পরান লয়ে কী খেলা খেলাবে ওগো","মধ্যমান","দাদরা"
"00318","হে নিরুপমা","তালফেরতা (কাহারবা-ষষ্ঠী-তেওরা-দাদরা)","কাহারবা"
"00321","ফিরে যাও কেন ফিরে ফিরে যাও বহিয়া বিফল বাসনা॥","ঝাঁপতাল","অর্দ্ধঝাঁপ"
"00365","বেদনায় ভরে গিয়েছে পেয়ালা, নিয়ো হে নিয়ো।","তেওরা","তেওড়া"
"00381","শাঙনগগনে ঘোর ঘনঘটা, নিশীথযামিনী রে।","ত্রিতাল","তিনতালা"
"00382","গহন ঘন ছাইল গগন ঘনাইয়া।","ত্রিতাল","তিনতালা"
"00383","বিশ্ববীণারবে বিশ্বজন মোহিছে।","ঝাঁপতাল-কাহারবা","তালমুক্ত"
"00386","ওই আসে ওই অতি ভৈরব হরষে","ত্রিতাল-দাদরা","তিনতালা"
"00388","মেঘের পরে মেঘ জমেছে, আঁধার করে আসে।","ত্রিতাল বা একতাল","দাদরা"
"00390","আজ বারি ঝরে ঝরঝর ভরা বাদরে","তেওরা","তেওড়া"
"00397","উতল-ধারা বাদল ঝরে। সকল বেলা একা ঘরে॥","কাহারবা বা রূপকড়া","দাদরা"
"00446","ধরণীর গগনের মিলনের ছন্দে","২ + ২ ছন্দ","তালমুক্ত"
"00456","এসো নীপবনে ছায়াবীথিতলে, এসো করো স্নান নবধারাজলে॥","২ + ২ ছন্দ","তালমুক্ত"
"00459","অশ্রুভরা বেদনা দিকে দিকে জাগে।","ত্রিতাল","তিনতালা"
"00460","বন্ধু, রহো রহো সাথে","মধ্যমান","তালমুক্ত"
"00472","আহ্বান আসিল মহোৎসবে","খেমটা/ষষ্ঠী","দাদরা"
"00477","চক্ষে আমার তৃষ্ণা ওগো, তৃষ্ণা আমার বক্ষ জুড়ে","ঝাঁপতাল","দাদরা"
"00479","এসো শ্যামল সুন্দর,","ত্রিতাল","তিনতালা"
"00481","আবার শ্রাবণ হয়ে এলে ফিরে","ত্রিতাল","তিনতালা"
"00483","হৃদয়ে মন্দ্রিল ডমরু গুরু গুরু","তেওরা","রুপক(৩/৪)"
"00484","মধু-গন্ধে ভরা মৃদু-স্নিগ্ধছায়া নীপ-কুঞ্জতলে","দাদরা-কাহারবা","তালমুক্ত"
"00493","হৃদয় আমার নাচে রে আজিকে ময়ূরের মতো নাচে রে।","২ + ২ ছন্দ","তালমুক্ত"
"00503","মোর ভাবনারে কী হাওয়ায় মাতালো","ত্রিতাল","তিনতালা"
"00504","আমার প্রিয়ার ছায়া","দাদরা","কাশ্মীরি"
"00507","আজি তোমায় আবার চাই শুনাবারে","২ + ২ ছন্দ","তালমুক্ত"
"00508","এসো গো, জ্বেলে দিয়ে যাও প্রদীপখানি","২ + ২ ছন্দ","তালমুক্ত"
"00509","আজি ঝরো ঝরো মুখর বাদরদিনে","২ + ২ ছন্দ (বা ষষ্ঠী)","একাদশী(২/৪/২/৪)"
"00513","এসেছিলে তবু আস নাই জানায়ে গেলে","২ + ২ ছন্দ","তালমুক্ত"
"00516","আমার যে দিন ভেসে গেছে চোখের জলে","কাহারবা","দাদরা"
"00531","শরত-আলোর কমলবনে","রূপকড়া","রুপকড়া"
"00532","তোমার মোহন রূপে কে রয় ভুলে।","দাদরা","কাহারবা"
"00541","এসো শরতের অমল মহিমা, এসো হে ধীরে।","কাহারবা","যৎ"
"00544","মরি লো) কার বাঁশি নিশিভোরে বাজিল মোর প্রাণে।","ত্রিতাল","তিনতালা"
"00549","পোহালো পোহালো বিভাবরী","কাহারবা","তিনতালা"
"00550","নব কুন্দধবলদলসুশীতলা","ত্রিতাল","তিনতালা"
"00568","নব বসন্তের দানের ডালি","ষষ্ঠী","দাদরা"
"00570","আজি বসন্ত জাগ্রত দ্বারে।","ত্রিতাল","তিনতালা"
"00575","অনন্তের বাণী তুমি, বসন্তের মাধুরী-উৎসবে","তেওরা","তেওড়া"
"00579","ওগো বধূ সুন্দরী, তুমি মধুমঞ্জরী","দাদরা","কাহারবা"
"00587","ওরে ভাই, ফাগুন লেগেছে বনে বনে--","ত্রিতাল","তিনতালা"
"00592","দিনশেষে বসন্ত যা প্রাণে গেল ব'লে","কাহারবা","কাওয়ালি(৪/৪)"
"00596","যদি তারে নাই চিনি গো সে কি আমায় নেবে চিনে","তেওরা","তেওড়া"
"00605","তোমার বাস কোথা যে পথিক ওগো, দেশে কি বিদেশে।","তেওরা","দাদরা"
"00632","আজি এই গন্ধবিধুর সমীরণে","ত্রিতাল","তিনতালা"
"00646","এক ফাগুনের গান সে আমার আর ফাগুনের কূলে কূলে","তেওরা","তেওড়া"
"00647","ওরে বকুল পারুল, ওরে শাল পিয়ালের বন","ষষ্ঠী","দাদরা"
"00648","নিশীথরাতের প্রাণ","তেওরা","তেওড়া"
"00649","চেনা ফুলের গন্ধস্রোতে ফাগুন-রাতের অন্ধকারে","তেওরা","তেওড়া"
"00651","আমার মালার ফুলের দলে আছে লেখা বসন্তের মন্ত্রলিপি","খেমটা/ কাহারবা","দাদরা"
"00652","আজি কমলমুকুলদল খুলিল, দুলিল রে দুলিল--","ত্রিতাল","দাদরা"
"00653","পুষ্প ফুটে কোন্‌ কুঞ্জবনে","ঝাঁপতাল","দাদরা"
"00658","সেই তো বসন্ত ফিরে এল, হৃদয়ের বসন্ত কোথায় হায় রে।","ত্রিতাল","তিনতালা"
"00660","নব নব পল্লবরাজি","চৌতাল","দাদরা"
"00661","মম অন্তর উদাসে","ত্রিতাল","তিনতালা"
"00665","কে যায় অমৃতধামযাত্রী।","চৌতাল","দাদরা"
"00668","একমনে তোর একতারাতে একটি যে তার সেইটি বাজা--","তেওরা","যৎ(৩/৪/৩/৪)"
"00669","গভীর রজনী নামিল হৃদয়ে, আর কোলাহল নাই।","রূপকড়া","রুপকড়া"
"00670","ভুবন হইতে ভুবনবাসী এসো আপন হৃদয়ে।","একতাল","দাদরা"
"00671","জীবন যখন ছিল ফুলের মতো","একতাল","দাদরা"
"00673","তুই কেবল থাকিস সরে সরে","একতাল","দাদরা"
"00674","দাঁড়াও, মন, অনন্ত ব্রহ্মাণ্ড-মাঝে আনন্দসভাভবনে আজ॥","সুরফাঁকতাল","দাদরা"
"00679","মন, জাগ' মঙ্গললোকে অমল অমৃতময় নব আলোকে","ত্রিতাল","তিনতালা"
"00680","ভোরের বেলা কখন এসে পরশ করে গেছ হেসে॥","ত্রিতাল","দাদরা"
"00682","আজি নির্ভয়নিদ্রিত ভুবনে জাগে, কে জাগে?","ত্রিতাল","কাওয়ালি(৪/৪/৪/৪)"
"00685","অনেক দিনের শূন্যতা মোর ভরতে হবে","তেওরা","তেওড়া"
"00687","প্রাণের প্রাণ জাগিছে তোমারি প্রাণে","আড়াঠেকা","দাদরা"
"00688","জাগো নির্মল নেত্রে রাত্রির পরপারে","কাহারবা","একতাল(৪/৪/৪)"
"00694","ডাকো মোরে আজি এ নিশীথে","ত্রিতাল","তিনতালা"
"00698","তুমি আপনি জাগাও মোরে তব সুধাপরশে--","ত্রিতাল","তিনতালা"
"00700","শোনো তাঁর সুধাবাণী শুভমুহূর্তে শান্তপ্রাণে--","চৌতাল","দাদরা"
"00701","নিশিদিন চাহো রে তাঁর পানে।","ত্রিতাল","তিনতালা"
"00702","ওঠো ওঠো রে-- বিফলে প্রভাত বহে যায় যে।","চৌতাল","দাদরা"
"00703","ওদের কথায় ধাঁদা লাগে, তোমার কথা আমি বুঝি।","তেওরা","দাদরা"
"00706","আমার সকল কাঁটা ধন্য করে ফুটবে ফুল ফুটবে।","কাহারবা","দাদরা"
"00710","জানি জানি কোন্‌ আদি কাল হতে","ত্রিতাল","তিনতালা"
"00711","তুমি যে আমারে চাও আমি সে জানি।","ত্রিতাল","তিনতালা"
"00715","এসেছে সকলে কত আশে দেখো চেয়ে--","চৌতাল","দাদরা"
"00716","ধ্বনিল আহ্বান মধুর গম্ভীর প্রভাত-অম্বর-মাঝে","তেওরা","তেওড়া"
"00718","সফল করো হে প্রভু আজি সভা, এ রজনী হোক মহোৎসবা॥","ত্রিতাল","তিনতালা"
"00720","ওই পোহাইল তিমিররাতি।","ত্রিতাল","তিনতালা"
"00721","আজি বহিছে বসন্তপবন সুমন্দ তোমারি সুগন্ধ হে।","তেওরা","তেওড়া"
"00724","ওই অমল হাতে রজনী প্রাতে আপনি জ্বালো","তেওরা","তেওড়া"
"00725","তার অন্ত নাই গো যে আনন্দে গড়া আমার অঙ্গ।","একতাল","দাদরা"
"00728","পারবি না কি যোগ দিতে এই ছন্দে রে","তেওরা","তেওড়া"
"00730","জগতে আনন্দযজ্ঞে আমার নিমন্ত্রণ।","একতাল","দাদরা"
"00731","গায়ে আমার পুলক লাগে, চোখে ঘনায় ঘোর--","ত্রিতাল","তালমুক্ত"
"00732","আলোয় আলোকময় করে হে এলে আলোর আলো।","তেওরা","তেওড়া"
"00733","আজি এ আনন্দসন্ধ্যা সুন্দর বিকাশে, আহা॥","তেওরা","তেওড়া"
"00734","বাজে বাজে রম্যবীণা বাজে--","তেওরা","তেওড়া"
"00735","বিপুল তরঙ্গ রে, বিপুল তরঙ্গ রে।","তেওরা","তেওড়া"
"00739","আনন্দধারা বহিছে ভুবনে","ত্রিতাল","তিনতালা"
"00740","নব আনন্দে জাগো আজি নবরবিকিরণে","ত্রিতাল","তিনতালা"
"00744","হৃদয়বাসনা পূর্ণ হল আজি মম পূর্ণ হল, শুন সবে জগত্জনে॥","মুক্তছন্দ","তালমুক্ত"
"00745","ক্ষত যত ক্ষতি যত মিছে হতে মিছে","কাহারবা","কাওয়ালি(৪/৪)"
"00747","আজিকে এই সকালবেলাতে","কাহারবা","দাদরা"
"00750","মহাবিশ্বে মহাকাশে মহাকাল-মাঝে","তেওরা","তেওড়া"
"00752","আমার মুক্তি আলোয় আলোয় এই আকাশে","তেওরা","তেওড়া"
"00753","আমার প্রাণে গভীর গোপন মহা-আপন সে কি","তেওরা","রুপক"
"00754","আজি মর্মরধ্বনি কেন জাগিল রে!","ত্রিতাল","তিনতালা"
"00762","আমি যখন তাঁর দুয়ারে ভিক্ষা নিতে যাই তখন যাহা পাই","কাহারবা","দাদরা"
"00775","নাই নাই ভয়, হবে হবে জয়, খুলে যাবে এই দ্বার--","কাহারবা","কাওয়ালি(৪/৪)"
"00780","মাতৃমন্দির-পুণ্য অঙ্গন কর' মহোজ্জল আজ হে","তেওরা","তেওড়া"
"00782","আনন্দধ্বনি জাগাও গগনে!","তালফেরতা","তেওড়া"
"00800","জননীর দ্বারে আজি ওই শুন গো শঙ্খ বাজে।","কাহারবা","একতাল(৪/৪/৪)"
"00801","আজি এ ভারত লজ্জিত হে","ত্রিতাল","তিনতালা"
"00814","নূপুর বেজে যায় রিনিরিনি","কাহারবা","কাওয়ালি(৪/৪)"
"00817","মেঘছায়ে সজল বায়ে মন আমার","২ + ২ ছন্দ","তালমুক্ত"
"00824","বাজিবে, সখী, বাঁশি বাজিবে-","তেওরা","তেওড়া"
"00831","যদি বারণ কর তবে গাহিব না।","ত্রিতাল","কাওয়ালি(৪/৪/৪/৪)"
"00832","কেন বাজাও কাঁকন কনকন কত ছলভরে।","তেওরা","তেওড়া"
"00853","সখী, ওই বুঝি বাঁশি বাজে-- বনমাঝে কি মনোমাঝে॥","ত্রিতাল","তিনতালা"
"00858","তবে শেষ করে দাও শেষ গান, তার পরে যাই চলে।","ত্রিতাল","তিনতালা"
"00861","তুমি যেয়ো না এখনি।","ত্রিতাল","তিনতালা"
"00876","শেষ বেলাকার শেষের গানে","তেওরা","তেওড়া"
"00882","কেন আমায় পাগল করে যাস ওরে চলে-যাওয়ার দল।","তেওরা","তেওড়া"
"00886","যাবার বেলা শেষ কথাটি যাও বলে","তেওরা","তেওড়া"
"00890","মরণ রে, তুঁহুঁ মম শ্যামসমান।","মুক্তছন্দ-কাহারবা","কাহারবা"
"00894","ও আমার ধ্যানেরই ধন","ষষ্ঠী","দাদরা"
"00901","আমার প্রাণের ' পরে চলে গেল কে","আড়খেমটা","দাদরা"
"00906","বাজে করুণ সুরে হায় দূরে","মুক্তছন্দ","কাহারবা"
"00912","ভুল করেছিনু, ভুল ভেঙেছে।","কাহারবা","দাদরা"
"00917","ছি ছি, মরি লাজে, মরি লাজে-","২ + ২ ছন্দ","তালমুক্ত"
"00930","তুমি কোন্‌ ভাঙনের পথে এলে সুপ্তরাতে।","২ + ২ ছন্দ","তালমুক্ত"
"00936","আজি দক্ষিণপবনে","২ + ২ ছন্দ","তালমুক্ত"
"00956","আজি যে রজনী যায় ফিরাইব তায় কেমনে।","রূপকড়া","দাদরা"
"00959","এ পারে মুখর হল কেকা ওই, ও পারে নীরব কেন কুহু হায়।","২ + ২ ছন্দ","তালমুক্ত"
"00962","ডাকে বার বার ডাকে","ত্রিতাল","দাদরা"
"00968","নিত্য তোমার যে ফুল ফোটে ফুলবনে","একতাল","দাদরা"
"00969","এমনি করে ঘুরিব দূরে বাহিরে","ঝম্পক","দাদরা"
"00972","বিশ্বসাথে যোগে যেথায় বিহারো","কাহারবা","দাদরা"
"00973","প্রভু, আজি তোমার দক্ষিণ হাত রেখো না ঢাকি।","ত্রিতাল","কাওয়ালি(৪/৪/৪/৪)"
"00975","কত অজানারে জানাইলে তুমি, কত ঘরে দিলে ঠাঁই-","রূপকড়া","রুপকড়া"
"00977","মোরে ডাকি লয়ে যাও মুক্তদ্বারে তোমার বিশ্বের সভাতে","তেওরা","তেওড়া"
"00979","জাগ্রত বিশ্বকোলাহল-মাঝে","চৌতাল","দাদরা"
"00981","ডুবি অমৃতপাথারে-- যাই ভুলে চরাচর","চৌতাল","দাদরা"
"00985","জয় তব বিচিত্র আনন্দ, হে কবি","তেওরা","দাদরা"
"00987","রাখো রাখো রে জীবনে জীবনবল্লভে","ত্রিতাল","দাদরা"
"00989","ওই শুনি যেন চরণধ্বনি রে","কাহারবা","দাদরা"
"00990","বেঁধেছ প্রেমের পাশে ওহে প্রেমময়।","ত্রিতাল","তিনতালা"
"00991","দাও হে আমার ভয় ভেঙে দাও।","ত্রিতাল","কাওয়ালি(৪/৪/৪/৪)"
"00993","আরো চাই যে, আরো চাই গো-- আরো যে চাই।","কাহারবা","দাদরা"
"01000","যদি ঝড়ের মেঘের মতো আমি ধাই চঞ্চল-অন্তর","ত্রিতাল","তিনতালা"
"01003","মাঝে মাঝে তব দেখা পাই, চিরদিন কেন পাই না?","দাদরা","একতালা"
"01007","অসীম আকাশে অগণ্য কিরণ, কত গ্রহ উপগ্রহ","চৌতাল","দাদরা"
"01013","আজ যেমন ক'রে গাইছে আকাশ তেমনি ক'রে গাও গো।","মুক্তছন্দ","তালমুক্ত"
"01019","আমার এই রিক্ত ডালি দিব তোমারি পায়ে।","খেমটা","দাদরা"
"01023","আমার মন চেয়ে রয় মনে মনে হেরে মাধুরী।","তেওরা","তেওড়া"
"01030","আমি হৃদয়ের কথা বলিতে ব্যাকুল, শুধাইল না কেহ।","একতাল","দাদরা"
"01031","আয় তবে সহচরী, হাতে হাতে ধরি ধরি","ত্রিতাল","তিনতালা"
"01034","একদা তুমি, প্রিয়ে, আমারি এ তরুমূলে","অর্ধঝাঁপ","দাদরা"
"01036","এখনো তারে চোখে দেখি নি, শুধু বাঁশি শুনেছি-","ত্রিতাল","কাওয়ালি(৪/৪/৪/৪)"
"01043","ও দেখা দিয়ে যে চলে গেল ও চুপিচুপি কী বলে গেল।","অর্ধঝাঁপ","সুরফাঁক(৫/৫)"
"01057","কী সুর বাজে আমার প্রাণে আমিই জানি, মনই জানে॥","ত্রিতাল","কাওয়ালি(৪/৪/৪/৪)"
"01060","কে ডাকে। আমি কভু ফিরে নাহি চাই।","ত্রিতাল","দাদরা"
"01076","তারে কেমনে ধরিবে, সখী, যদি ধরা দিলে।","কাহারবা","দাদরা"
"01077","তারে দেখাতে পরি নে কেন প্রাণ খুলে গো।","ঝাঁপতাল","দাদরা"
"01082","তোমার গীতি জাগালো স্মৃতি নয়ন ছলছলিয়া","তেওরা","রুপক(৩/৪)"
"01085","দিনের পরে দিন যে গেল আঁধার ঘরে","দাদরা","কাহারবা"
"01086","দিবস রজনী আমি যেন কার আশায় আশায় থাকি।","ত্রিতাল","দাদরা"
"01087","দীপ নিবে গেছে মম নিশীথসমীরে","অর্ধঝাঁপ","দাদরা"
"01088","দূরের বন্ধু সুরের দূতীরে পাঠালো তোমার ঘরে।","দাদরা","কাহারবা"
"01099","নিমেষের তরে শরমে বাধিল, মরমের কথা হল না।","কাহারবা","দাদরা"
"01106","প্রাণ চায় চক্ষু না চায়, মরি একি তোর দুস্তরলজ্জা।","ত্রিতাল","দাদরা"
"01108","প্রেমের ফাঁদ পাতা ভুবনে।","তেওরা","দাদরা"
"01109","ফিরবে না তা জানি, তা জানি-","ষষ্ঠী","দাদরা"
"01115","বাঁশরি বাজাতে চাহি, বাঁশরি বাজিল কই","ত্রিতাল","তিনতালা"
"01116","বিদায় করেছ যারে নয়নজলে","ঝাঁপতাল","দাদরা"
"01117","বিনা সাজে সাজি দেখা দিয়েছিলে কবে","ষষ্ঠী/দাদরা","ষষ্ঠী(২/৪)"
"01118","বিরহ মধুর হল আজি মধুরাতে।","ত্রিতাল","কাওয়ালি(৪/৪/৪/৪)"
"01123","মনে কী দ্বিধা রেখে গেলে চলে সে দিন ভরা সাঁঝে","২ + ২ ছন্দ","তালমুক্ত"
"01124","মনে যে আশা লয়ে এসেছি হল না, হল না হে।","ত্রিতাল","তিনতালা"
"01125","যখন এসেছিলে অন্ধকারে","তেওরা","তেওড়া"
"01140","সখী, আঁধারে একেলা ঘরে মন মানে না।","কাহারবা (বা মুক্তছন্দ)","যৎ"
"01145","সমুখেতে বহিছে তটিনী, দুটি তারা আকাশে ফুটিয়া।","ত্রিতাল","তিনতালা"
"01148","সে যে পাশে এসে বসেছিল, তবু জাগি নি।","তেওরা","তেওড়া"
"01151","হল না লো, হল না, সই, হায়-","ত্রিতাল","তিনতালা"
"01152","হাসিরে কি লুকাবি লাজে।","খেমটা","কাশ্মীরি"
"01155","হৃদয়বেদনা বহিয়া, প্রভু, এসেছি তব দ্বারে।","তেওরা","তেওড়া"
"01156","কেন জাগে না, জাগে না অবশ পরান-","কাহারবা","যৎ"
"01161","অনেক দিয়েছ নাথ","ত্রিতাল","তিনতালা"
"01162","তব অমল পরশরস, তব শীতল শান্ত পুণ্যকর অন্তরে দাও।","ত্রিতাল","তিনতালা"
"01167","চিরসখা, ছেড়ো না মোরে ছেড়ো না।","ত্রিতাল","তিনতালা"
"01168","স্বামী, তুমি এসো আজ অন্ধকার হৃদয়মাঝ-","চৌতাল","দাদরা"
"01169","হায় কে দিবে আর সান্ত্বনা।","ত্রিতাল","তিনতালা"
"01170","আর কত দূরে আছে সে আনন্দধাম।","তেওরা","তেওড়া"
"01171","কামনা করি একান্তে","চৌতাল","দাদরা"
"01172","নাথ হে, প্রেমপথে সব বাধা ভাঙিয়া দাও।","ত্রিতাল","তিনতালা"
"01173","পূর্ণ-আনন্দ পূর্ণমঙ্গলরূপে হৃদয়ে এসো","চৌতাল","দাদরা"
"01174","সংশয়তিমিরমাঝে না হেরি গতি হে।","তেওরা (বা ত্রিতাল)","তেওড়া"
"01175","নিশিদিন মোর পরানে প্রিয়তম মম","ত্রিতাল","তিনতালা"
"01179","আজি নাহি নাহি নিদ্রা আঁখিপাতে।","ত্রিতাল","তিনতালা"
"01182","কার মিলন চাও বিরহী-","তেওরা","দাদরা"
"01183","তোমা লাগি, নাথ, জাগি জাগি হে-","চৌতাল","দাদরা"
"01185","কোথা হতে বাজে প্রেমবেদনা রে!","ত্রিতাল","তিনতালা"
"01186","নিকটে দেখিব তোমারে করেছি বাসনা মনে।","ত্রিতাল","তিনতালা"
"01187","তোমার দেখা পাব ব'লে এসেছি-যে সখা!","ত্রিতাল","তিনতালা"
"01192","শূন্য প্রাণ কাঁদে সদা-- প্রাণেশ্বর","ত্রিতাল","তিনতালা"
"01193","সুখহীন নিশিদিন পরাধীন হয়ে ভ্রমিছ দীনপ্রাণে।","ত্রিতাল","কাওয়ালি(৪/৪/৪/৪)"
"01194","দূরে কোথায় দূরে দূরে","মুক্তছন্দ","তালমুক্ত"
"01195","পিপাসা হায় নাহি মিটিল, নাহি মিটিল॥","ত্রিতাল","তিনতালা"
"01196","দিন যায় রে দিন যায় বিষাদে-","মধ্যমান","আড়াঠেকা"
"01199","কেমনে ফিরিয়া যাও না দেখি তাঁহারে!","চৌতাল","দাদরা"
"01202","ইচ্ছা যবে হবে লইয়ো পারে","ত্রিতাল","কাওয়ালি(৪/৪/৪/৪)"
"01206","সত্য মঙ্গল প্রেমময় তুমি, ধ্রুবজ্যোতি তুমি অন্ধকারে।","তেওরা","তেওড়া"
"01210","শক্তিরূপ হেরো তাঁর","চৌতাল","দাদরা"
"01211","শ্রান্ত কেন ওহে পান্থ, পথপ্রান্তে বসে এ কী খেলা!","ত্রিতাল","তিনতালা"
"01216","পেয়েছি সন্ধান তব অন্তর্যামী, অন্তরে দেখেছি তোমারে॥","চৌতাল","দাদরা"
"01218","জননী, তোমার করুণ চরণখানি","নবপঞ্চতাল","নবপঞ্চ(২/৪/৪/৪/৪)"
"01219","তিমিরদুয়ার খোলো-- এসো, এসো নীরবচরণে।","ত্রিতাল","দাদরা"
"01220","তুমি জাগিছ কে?","চৌতাল","দাদরা"
"01223","বাণী তব ধায় অনন্ত গগনে লোকে লোকে","চৌতাল","দাদরা"
"01224","প্রথম আদি তব শক্তি-","সুরফাঁকতাল","সুরফাঁক(৪/২/৪)"
"01226","হে মহাপ্রবল বলী","চৌতাল","দাদরা"
"01227","জগতে তুমি রাজা, অসীম প্রতাপ-","চৌতাল","দাদরা"
"01229","তাঁহারে আরতি করে চন্দ্র তপন, দেব মানব বন্দে চরণ-","চৌতাল","দাদরা"
"01231","ওই রে তরী দিল খুলে।","রূপকড়া","দাদরা"
"01232","আমি কী ব'লে করিব নিবেদন","অর্ধঝাঁপ","দাদরা"
"01235","সবাই যারে সব দিতেছে তার কাছে সব দিয়ে ফেলি।","তেওরা","তেওড়া"
"01236","আমার যে সব দিতে হবে সে তো আমি জানি-","একতাল","দাদরা"
"01239","আনন্দ রয়েছে জাগি ভুবনে তোমার","চৌতাল","দাদরা"
"01240","সকল ভয়ের ভয় যে তারে কোন্‌ বিপদে কাড়বে?","তেওরা","তেওড়া"
"01243","এ মণিহার আমায় নাহি সাজে-","একতাল","দাদরা"
"01245","ওই আসনতলের মাটির ' পরে লুটিয়ে রব","ত্রিতাল","কাওয়ালি(৪/৪/৪/৪)"
"01246","আমার মাথা নত করে দাও হে তোমার চরণধুলার তলে।","তেওরা","তেওড়া"
"01247","গরব মম হরেছ, প্রভু, দিয়েছ বহু লাজ।","তেওরা","ধামার(৩/২/২/৩/৪)"
"01250","যে-কেহ মোরে দিয়েছ সুখ দিয়েছ তাঁরি পরিচয়","তেওরা","তেওড়া"
"01253","আঁখিজল মুছাইলে জননী-","ত্রিতাল","তিনতালা"
"01261","আজি মম জীবনে নামিছে ধীরে","ত্রিতাল","তিনতালা"
"01274","আমারে দিই তোমার হাতে","তেওরা","দাদরা"
"01276","আমি আছি তোমার সভার দুয়ার-দেশে","তেওরা","দাদরা"
"01280","আমি যখন ছিলেম অন্ধ","তেওরা","তেওড়া"
"01286","এই তো তোমার আলোকধেনু সূর্য তারা দলে দলে-","ঝম্পক","দাদরা"
"01288","এই-যে তোমার প্রেম, ওগো হৃদয়হরণ","কাহারবা বা দাদরা","কাওয়ালি(৪/৪)"
"01290","একি এ সুন্দর শোভা! কী মুখ হেরি এ","ত্রিতাল","তিনতালা"
"01300","কে গো অন্তরতর সে","একতাল","দাদরা"
"01302","কেমনে রাখিবি তোরা তাঁরে লুকায়ে","একতাল","ঝাঁপ"
"01304","কোন্‌ আলোতে প্রাণের প্রদীপ জ্বালিয়ে তুমি ধরায় আস-","কাহারবা","দাদরা"
"01307","চিরদিবস নব মাধুরী, নব শোভা তব বিশ্বে-","চৌতাল","দাদরা"
"01308","ছিন্ন পাতার সাজাই তরণী, একা একা করি খেলা-","কাহারবা","কাওয়ালি(৪/৪)"
"01310","জয় ভৈরব, জয় শঙ্কর","দাদরা","অখন্ড ৬ মাত্রা"
"01311","জরজর প্রাণে, নাথ, বরিষন করো তব প্রেমসুধা-","ত্রিতাল","দাদরা"
"01319","তোমার অসীমে প্রাণমন লয়ে যত দূরে আমি ধাই-","ত্রিতাল","তিনতালা"
"01322","তোমারি নামে নয়ন মেলিনু পুণ্যপ্রভাতে আজি","তেওরা","তেওড়া"
"01323","তোমারি মধুর রূপে ভরেছ ভুবন-","চৌতাল","দাদরা"
"01325","দিন ফুরালো হে সংসারী","মুক্তছন্দ","তালমুক্ত"
"01328","দুঃখ যে তোর নয় রে চিরন্তন-","ত্রিতাল","দাদরা"
"01330","নমি নমি চরণে","কাহারবা","দাদরা"
"01340","পেয়েছি ছুটি, বিদায় দেহো ভাই-","ঝম্পক  বা ঝাঁপতাল","দাদরা"
"01347","মরণসাগরপারে তোমরা অমর","কাহারবা","কাওয়ালি(৪/৪)"
"01349","মহারাজ, একি সাজে এলে হৃদয়পুরমাঝে","ঝাঁপতাল","ঝাঁপ(২/৩/২/৩)"
"01350","মেঘ বলেছে 'যাব যাব', রাত বলেছে 'যাই'","তেওরা","যৎ(৩/৪/৩/৪)"
"01353","যদি প্রেম দিলে না প্রাণে","একতাল","দাদরা"
"01358","রহি রহি আনন্দতরঙ্গ জাগে॥","ত্রিতাল","তিনতালা"
"01361","লহো লহো তুলে লহো নীরব বীণাখানি।","তেওরা","তেওড়া"
"01367","হাওয়া লাগে গানের পালে-","তেওরা","দাদরা"
"01368","হার মানালে গো, ভাঙিলে অভিমান হায় হায়।","কাহারবা","কাওয়ালি(৪/৪)"
"01371","হে নিখিলভারধারণ বিশ্ববিধাতা","ঝাঁপতাল","দাদরা"
"01373","নৃত্যের তালে তালে, নটরাজ, ঘুচাও ঘুচাও ঘুচাও সকল বন্ধ হে।","তালফেরতা  দাদরা- ষষ্ঠী- কাহারবা- ঝাঁপতাল","তালমুক্ত"
"01377","মম চিত্তে নিতি নৃত্যে কে যে নাচে","খেমটা/ষষ্ঠী","কাশ্মীরি"
"01396","পাগল যে তুই, কণ্ঠ ভরে","কাহারবা","দাদরা"
"01399","আমার জীর্ণ পাতা যাবার বেলায় বারে বারে","তেওরা","তেওড়া"
"01400","এ শুধু অলস মায়া, এ শুধু মেঘের খেলা","ত্রিতাল","তিনতালা"
"01404","আমি ফিরব না রে, ফিরব না আর, ফিরব না রে-","দাদরা","কাশ্মীরি"
"01416","আমি যে সব নিতে চাই, সব নিতে ধাই রে।","কাহারবা","দাদরা"
"01420","আনন্দেরই সাগর হতে এসেছে আজ বান।","তেওরা","তেওড়া"
"01421","খরবায়ু বয় বেগে, চারি দিক ছায় মেঘে","কাহারবা","কাওয়ালি(৪/৪)"
"01430","এমনি করেই যায় যদি দিন যাক-না।","তেওরা","তেওড়া"
"01435","আমাকে যে বাঁধবে ধরে, এই হবে যার সাধন","দাদরা","কাশ্মীরি"
"01438","তরী আমার হঠাৎ ডুবে যায়","দাদরা","কাহারবা"
"01443","দূর রজনীর স্বপন লাগে আজ নূতনের হাসিতে","কাহারবা","কাওয়ালি(৪/৪)"
"01446","কৃষ্ণকলি আমি তারেই বলি, কালো তারে বলে গাঁয়ের লোক।","অর্ধঝাঁপ (বা মুক্তছন্দ)","দাদরা"
"01449","ওরে প্রজাপতি, মায়া দিয়ে কে যে পরশ করল তোরে","কাহারবা","কাওয়ালি(৪/৪)"
"01451","ওগো নদী, আপন বেগে পাগল-পারা","একতাল","দাদরা"
"01465","পাখি বলে, 'চাঁপা, আমারে কও","ঝম্পক","সুরফাঁক(৩/২/৩/২)"
"01468","মাটির প্রদীপখানি আছে মাটির ঘরের কোলে","ত্রিতাল","দাদরা"
"01500","যাহা পাও তাই লও, হাসিমুখে ফিরে যাও","তেওরা","তেওড়া"
"01501","যে কাঁদনে হিয়া কাঁদিছে সে কাঁদনে সেও কাঁদিল।","একতাল","নবতাল(৬/৩)"
"01505","সন্ন্যাসী যে জাগিল ওই, জাগিল ওই, জাগিল।","তেওরা","তেওড়া"
"01512","পথ দিয়ে কে যায় গো চলে","তেওরা","তেওড়া"
"01531","বিশ্বরাজালয়ে বিশ্ববীণা বাজিছে।","ঝাঁপতাল-কাহারবা","তালমুক্ত"
"01538","দিবানিশি করিয়া যতন","ত্রিতাল","তিনতালা"
"01540","কী করিলি মোহের ছলনে।","ত্রিতাল","তিনতালা"
"01542","আজি শুভদিনে পিতার ভবনে অমৃতসদনে চলো যাই","একতাল-ত্রিতাল","তালমুক্ত"
"01545","তুমি কি গো পিতা আমাদের।","ত্রিতাল","তিনতালা"
"01548","কী দিব তোমায়। নয়নেতে অশ্রুধার","ত্রিতাল","তিনতালা"
"01554","চলিয়াছি গৃহপানে, খেলাধুলা অবসান।","ত্রিতাল","তিনতালা"
"01556","ভবকোলাহল ছাড়িয়ে","ত্রিতাল","তিনতালা"
"01558","তবে কি ফিরিব ম্লানমুখে সখা","ত্রিতাল","তিনতালা"
"01561","দাও হে হৃদয় ভরে দাও।","ত্রিতাল","তিনতালা"
"01564","চলেছে তরণী প্রসাদপবনে, কে যাবে এসো হে শান্তিভবনে।","তেওরা","তেওড়া"
"01572","ঘোরা রজনী, এ মোহঘনঘটা-","ত্রিতাল","তিনতালা"
"01574","মিটিল সব ক্ষুধা, তাঁহার প্রেমসুধা, চলো রে ঘরে লয়ে যাই।","ত্রিতাল","কাওয়ালি(৪/৪)"
"01575","তারো তারো, হরি, দীনজনে।","ত্রিতাল","তিনতালা"
"01576","তব প্রেম সুধারসে মেতেছি","ত্রিতাল","তিনতালা"
"01578","ফিরো না ফিরো না আজি-- এসেছ দুয়ারে।","ত্রিতাল","তিনতালা"
"01579","সবে মিলি গাও রে, মিলি মঙ্গলাচরো।","চৌতাল","দাদরা"
"01584","আজ বুঝি আইল প্রিয়তম, চরণে সকলে আকুল ধাইল॥","ত্রিতাল","তিনতালা"
"01585","হে মন, তাঁরে দেখো আঁখি খুলিয়ে","রূপক","রুপক"
"01589","মহাবিশ্বে মহাকাশে মহাকালমাঝে","ত্রিতাল","তিনতালা"
"01592","আমারে করো জীবনদান","চৌতাল","দাদরা"
"01594","মহানন্দে হেরো গো সবে গীতরবে চলে শ্রান্তিহারা","তেওরা","তেওড়া"
"01610","খেলার সাথি, বিদায়দ্বার খোলো-","ঠুংরি (বা মুক্তছন্দ)","তালমুক্ত"
"01611","যাওয়া-আসারই এই কি খেলা","মুক্তছন্দ","তালমুক্ত"
"01612","বুঝি ঐ সুদূরে ডাকিল মোরে","মুক্তছন্দ","তালমুক্ত"
"01616","শুভ্র প্রভাতে","মুক্তছন্দ","তালমুক্ত"
"01641","হা সখী ও আদরে আরো বাড়ে মনোব্যথা।","ত্রিতাল","তিনতালা"
"01644","চরাচর সকলই মিছে মায়া ছলনা।","ত্রিতাল","তিনতালা"
"01657","সহে না যাতনা।","ত্রিতাল","তিনতালা"
"01661","ফিরায়ো না মুখখানি","ত্রিতাল","কাওয়ালি(৪/৪/৪/৪)"
"01662","হিয়া কাঁপিছে সুখে কি দুখে সখী","ধামার","তালমুক্ত"
"01663","দাঁড়াও মাথা খাও যেয়ো না সখা।","ত্রিতাল","তিনতালা"
"01665","আবার মোরে পাগল করে দিবে কে।","ঝম্পক","দাদরা"
"01670","আজি মোর দ্বারে কাহার মুখ হেরেছি॥","পঞ্চমসওয়ারি","তিনতালা"
"01673","বিধি ডাগর আঁখি যদি দিয়েছিল","ত্রিতাল","তিনতালা"
"01686","অবেলায় যদি এসেছ আমার বনে দিনের বিদায়ক্ষণে","তেওরা","তেওড়া"
"01695","কী ধ্বনি বাজে","মুক্তছন্দ","তালমুক্ত"
"01709","রিমিকি ঝিমিকি ঝরে ভাদরের ধারা","২ + ২ ছন্দ","তালমুক্ত"
"01712","নির্জন রাতে নিঃশব্দ চরণপাতে কেন এলে।","চার মাত্রার তাল","অখন্ড ৪ মাত্রা"
"01715","যারা বিহান বেলায় গান এনেছিল আমার মনে","মুক্তছন্দ","তালমুক্ত"
"01720","বিশ্ববিদ্যাতীর্থপ্রাঙ্গণ কর' মহোজ্জ্বল আজ হে।","তেওরা","তেওড়া"
"01736","হৃদয়ে রাখো গো দেবী, চরণ তোমার।","কাহারবা/দাদরা","তিনতালা"
"01738","ক্ষমা করো মোরে সখী, শুধায়ো না আর-","অর্ধঝাঁপ","অর্দ্ধঝাঁপ"
"01752","বুঝেছি বুঝেছি সখা, ভেঙ্গেছে প্রণয়!","দাদরা","আড়াঠেকা"
"01769","হা, কে বলে দেবে সে ভালোবাসে কি মোরে।","ত্রিতাল","তিনতালা"
"01771","প্রমোদে ঢালিয়া দিনু মন, তবু প্রাণ কেন কাঁদে রে।","ত্রিতাল","তিনতালা"
"01775","কোথা ছিলি সজনী লো","ত্রিতাল","তিনতালা"
"01777","মধুর মিলন।","কাহারবা-দাদরা","দাদরা"
"01779","মা আমার, কেন তোরে ম্লান নেহারি-","ত্রিতাল","তিনতালা"
"01786","খাঁচার পাখি ছিল সোনার খাঁচাটিতে, বনের পাখি ছিল বনে।","তেওরা","যৎ(৩/৪/৩/৪)"
"01797","অভয় দাও তো বলি আমার","মুক্তছন্দ","তালমুক্ত"
"01798","কত কাল রবে বল' ভারত রে","ত্রিতাল","তিনতালা"
"01799","কী জানি কী ভেবেছ মনে","মুক্তছন্দ","তালমুক্ত"
"01800","পাছে চেয়ে বসে আমার মন","মুক্তছন্দ","তালমুক্ত"
"01801","বড়ো থাকি কাছাকাছি","মুক্তছন্দ","তালমুক্ত"
"01806","স্বর্গে তোমায় নিয়ে যাবে উড়িয়ে-","মুক্তছন্দ","তালমুক্ত"
"01822","মলিন মুখে ফুটুক হাসি, জুড়াক দু নয়ন।","তেওরা","তেওড়া"
"01836","বাজে রে বাজে ডমরু বাজে হৃদয়মাঝে, হৃদয়মাঝে।","তেওরা","দাদরা"
"01867","গহন কুসুমকুঞ্জ-মাঝে মৃদুল মধুর বংশি বাজে","একতাল","দাদরা"
"01868","বজাও রে মোহন বাঁশি!","মুক্তছন্দ","তালমুক্ত"
"01870","সতিমির রজনী, সচকিত সজনী শূন্য নিকুঞ্জ-অরণ্য।","ত্রিতাল","তিনতালা"
"01880","হৃদয়ক সাধ মিশাওল হৃদয়ে, কণ্ঠে শুখাওল মালা।","একতাল","তিনতালা"
"01892","কে এসে যায় ফিরে ফিরে আকুল নয়ননীরে।","তেওরা","তেওড়া"
"01921","চক্ষে আমার তৃষ্ণা ওগো","ঝাঁপতাল","দাদরা"
"01925","নব বসন্তের দানের ডালি এনেছি তোদেরই দ্বারে","ষষ্ঠী","দাদরা"
"01929","ওগো তোমরা যত পাড়ার মেয়ে","খেমটা","দাদরা"
"01935","শুধু একটি গণ্ডূষ জল","তেওরা","তেওড়া"
"01937","ওগো ডেকো না মোরে ডেকো না।","তেওরা","তেওড়া"
"01938","স্বর্ণবর্ণে সমুজ্জ্বল নব চম্পাদলে","তেওরা","তেওড়া"
"01940","কিসের ডাক তোর কিসের ডাক।","তেওরা","তেওড়া"
"01944","সে যে পথিক আমার","ঝাঁপতাল","অর্দ্ধঝাঁপ"
"01983","আমি তোমারে করিব নিবেদন","ঝাঁপতাল","দাদরা"
"01986","তোমার বৈশাখে ছিল প্রখর রৌদ্রের জ্বালা","রূপক","রুপক(৩/৪)"
"01987","আমার এই রিক্ত ডালি","খেমটা","দাদরা"
"01996","পাণ্ডব আমি অর্জুন গাণ্ডীবধন্বা নৃপতিকন্যা!","খেমটা","দাদরা"
"02003","কেন রে ক্লান্তি আসে আবেশভার বহিয়া","খেমটা","ষষ্ঠী(২/৪)"
"02012","লহো লহো ফিরে লহো","খেমটা","দাদরা"
"02014","বিনা সাজে সাজি দেখা দিবে তুমি কবে-","ষষ্ঠী (দাদরা)","দাদরা"
"02024","ভালো ভালো, তুমি দেখব পালাও কোথা।","খেমটা","দাদরা"
"02026","ফিরে যাও, কেন ফিরে ফিরে যাও","ঝাঁপতাল","অর্দ্ধঝাঁপ"
"02051","প্রেমের জোয়ারে ভাসাবে দোঁহারে-","দাদরা","একতালা"
"02053","পুরী হতে পালিয়েছে যে পুরসুন্দরী","দাদরা","একতালা"
"02071","পথহারা তুমি পথিক যেন গো সুখের কাননে","কাহারবা","দাদরা"
"02074","আমার পরান যাহা চায়","ত্রিতাল","দাদরা"
"02076","দে লো, সখী, দে পরাইয়ে গলে","কাহারবা","দাদরা"
"02079","প্রেমের ফাঁদ পাতা ভুবনে-","তেওরা","দাদরা"
"02080","যেয়ো না, যেয়ো না ফিরে-","ঝাঁপতাল","দাদরা"
"02081","কে ডাকে! আমি কভু ফিরে নাহি চাই।","ত্রিতাল","দাদরা"
"02082","এসেছি গো এসেছি, মন দিতে এসেছি-","ত্রিতাল","দাদরা"
"02084","আমি মিছে ঘুরি এ জগতে কিসের পাকে","কাহারবা","দাদরা"
"02085","তারে দেখাতে পারি নে কেন প্রাণ খুলে গো।","ঝাঁপতাল","দাদরা"
"02086","সখা, আপন মন নিয়ে কাঁদিয়ে মরি","তেওরা","দাদরা"
"02087","আমি জেনে শুনে বিষ করেছি পান।","তেওরা","দাদরা"
"02088","ভালোবেসে যদি সুখ নাহি","কাহারবা","দাদরা"
"02089","দেখো চেয়ে দেখো ওই কে আসিছে।","ঝাঁপতাল","দাদরা"
"02091","ভালোবেসে দুখ সেও সুখ, সুখ নাহি আপনাতে।","একতাল","দাদরা"
"02092","ওই কে গো হেসে চায়, চায় প্রাণের পানে।","কাহারবা","দাদরা"
"02093","দূরে দাঁড়ায়ে আছে","কাহারবা","দাদরা"
"02096","ওকে বোঝা গেল না-- চলে আয়, চলে আয়।","কাহারবা","দাদরা"
"02097","দিবসরজনী আমি যেন কার","ত্রিতাল","দাদরা"
"02098","সখী, সাধ করে যাহা দিবে তাই লইব।","ত্রিতাল","দাদরা"
"02099","আমি হৃদয়ের কথা বলিতে ব্যাকুল","একতাল","দাদরা"
"02100","নিমেষের তরে শরমে বাধিল, মরমের কথা হল না।","কাহারবা","দাদরা"
"02102","এ তো খেলা নয়, খেলা নয়।","কাহারবা","দাদরা"
"02105","তারে কেমনে ধরিবে, সখী, যদি ধরা দিলে।","কাহারবা","দাদরা"
"02106","সকল হৃদয় দিয়ে ভালোবেসেছি যারে","কাহারবা","দাদরা"
"02108","তবে সুখে থাকো সুখে থাকো-- আমি যাই-- যাই।","কাহারবা","দাদরা"
"02109","সেই শান্তিভবন ভুবন কোথা গেল-","ত্রিতাল","দাদরা"
"02111","দেখো, সখা, ভুল করে ভালোবেসো না।","কাহারবা","দাদরা"
"02112","ভুল করেছিনু, ভুল ভেঙেছে।","কাহারবা","দাদরা"
"02114","ওই কে আমায় ফিরে ডাকে।","কাহারবা","দাদরা"
"02115","বিদায় করেছ যারে নয়নজলে","ঝাঁপতাল","দাদরা"
"02118","প্রভাত হইল নিশি কানন ঘুরে","কাহারবা","দাদরা"
"02120","মধুর বসন্ত এসেছে মধুর মিলন ঘটাতে।","কাহারবা","দাদরা"
"02121","আজি আঁখি জুড়ালো হেরিয়ে","ত্রিতাল","দাদরা"
"02122","এ কি স্বপ্ন! এ কি মায়া!","ত্রিতাল","দাদরা"
"02123","আহা, আজি এ বসন্তে এত ফুল ফুটে","ত্রিতাল","দাদরা"
"02124","আমি তো বুঝেছি সব, যে বোঝে না- বোঝে","ঝাঁপতাল","ঝাঁপ(২/৩/২/৩)"
"02125","এতদিন বুঝি নাই, বুঝেছি ধীরে-","ঝাঁপতাল","দাদরা"
"02126","চাঁদ হাসো, হাসো-","খেমটা","দাদরা"
"02128","এ ভাঙা সুখের মাঝে নয়নজলে","ঝাঁপতাল","দাদরা"
"02129","যদি কেহ নাহি চায় আমি লইব","কাহারবা","দাদরা"
"02130","দুখের মিলন টুটিবার নয়-","ঝাঁপতাল","দাদরা"
"02131","কেন এলি রে, ভালোবাসিলি, ভালোবাসা পেলি নে।","ঝাঁপতাল","দাদরা"
"02134","ও ভাই, দেখে যা, কত ফুল তুলেছি।","ত্রিতাল","তিনতালা"
"02137","সমুখেতে বহিছে তটিনী","ত্রিতাল","তিনতালা"
"02138","ফুলে ফুলে ঢ'লে ঢ'লে বহে কিবা মৃদু বায়","দাদরা","খেমটা"
"02139","নেহারো, লো সহচরী","ত্রিতাল","তিনতালা"
"02141","না, না, কাজ নাই, যেয়ো না বাছা-","ত্রিতাল","তিনতালা"
"02142","আমা-তরে অকারণে, ওগো পিতা, ভেবো না।","ত্রিতাল","তিনতালা"
"02143","সঘন ঘন ছাইল গগন ঘনাইয়া","ত্রিতাল","তিনতালা"
"02144","ঝম্‌ ঝম্‌ ঘন ঘন রে বরষে","ত্রিতাল","তিনতালা"
"02145","আয় লো সজনী, সবে মিলে--","ত্রিতাল","তিনতালা"
"02146","কী ঘোর নিশীথ, নীরব ধরা","ত্রিতাল","তিনতালা"
"02147","মানা না মানিলি, তবুও চলিলি-","ত্রিতাল","তিনতালা"
"02152","প্রাণ নিয়ে তো সটকেছি রে","দাদরা","খেমটা"
"02154","আঃ বেঁচেছি এখন।","কাহারবা-দাদরা","তালমুক্ত"
"02156","কে এল আজি এ ঘোর নিশীথে","তেওরা","তালমুক্ত"
"02157","না জানি কোথা এলুম, এ যে ঘোর বন।","ত্রিতাল","তিনতালা"
"02161","বলো বলো, পিতা, কোথা সে গিয়েছে।","ত্রিতাল","তিনতালা"
"02162","কে জানে কোথা সে","ত্রিতাল","কাওয়ালি(৪/৪/৪/৪)"
"02163","এতক্ষণে বুঝি এলি রে","চৌতাল","দাদরা"
"02164","অজ্ঞানে করো হে ক্ষমা তাত, ধরি চরণে।","ত্রিতাল","তিনতালা"
"02165","কী বলিলে, কী শুনিলাম, এ কি কভু হয়!","ত্রিতাল","তিনতালা"
"02166","ক্ষমা করো মোরে, তাত-- আমি যে পাতকী ঘোর","ত্রিতাল","ঝাঁপ"
"02174","আজকে তবে মিলে সবে করব লুটের ভাগ-","খেমটা- তেওরা","দাদরা"
"02176","এখন করব কী বল্‌","খেমটা","দাদরা"
"02181","এ কী এ ঘোর বন! এনু কোথায়!","ত্রিতাল","তিনতালা"
"02182","পথ ভুলেছিস সত্যি বটে? সিধে রাস্তা দেখতে চাস?","খেমটা","একতালা"
"02183","মরি ও কাহার বাছা, ওকে কোথায় নিয়ে যায়","ত্রিতাল","তিনতালা"
"02184","রাঙাপদপদ্মযুগে প্রণমি গো ভবদারা!","ত্রিতাল","একতাল(৪/৪/৪)"
"02185","দেখো হো ঠাকুর, বলি এনেছি মোরা","খেমটা","দাদরা"
"02189","আরে, কী এত ভাবনা কিছু তো বুঝি না","ত্রিতাল","তিনতালা"
"02191","ব্যাকুল হয়ে বনে বনে","ত্রিতাল","তিনতালা"
"02192","ছাড়ব না ভাই, ছাড়ব না ভাই","খেমটা","দাদরা"
"02196","হা, কী দশা হল আমার!","ত্রিতাল","তিনতালা"
"02197","এত রঙ্গ শিখেছ কোথা মুণ্ডমালিনী!","খেমটা","দাদরা"
"02198","অহো! আস্পর্ধা একি তোদের নরাধম!","ত্রিতাল","তিনতালা"
"02200","রিম্‌ ঝিম্‌ ঘন ঘন রে বরষে","ত্রিতাল","তিনতালা"
"02201","কোথায় জুড়াতে আছে ঠাঁই-","ত্রিতাল","তিনতালা"
"02202","কেন রাজা, ডাকিস কেন, এসেছি সবে","খেমটা","দাদরা"
"02206","কে এল আজি এ ঘোর নিশীথে","তেওরা","তালমুক্ত"
"02208","বলব কী আর বলব খুড়ো--উঁ উঁ-","ত্রিতাল","তিনতালা"
"02212","জীবনের কিছু হল না হায়-","ত্রিতাল","তিনতালা"
"02213","দেখ্‌ দেখ্‌, দুটো পাখি বসেছে গাছে","কাহারবা","তিনতালা"
"02214","থাম্‌ থাম্‌, কী করিবি বধি পাখিটির প্রাণ","ঝাঁপতাল","কাহারবা"
"02215","কী বলিনু আমি! এ কী সুললিত বাণী রে!","২ + ২ ছন্দ","চৌতাল(২/২/২/২/২/২)"
"02219","কোথা লুকাইলে!","ত্রিতাল","তিনতালা"
"02223","এই-যে হেরি গো দেবী আমারি!","ত্রিতাল-দাদরা","একতাল(৪/৪/৪)"
"02224","হে বিদেশী এসো এসো","অর্ধঝাঁপ","অর্দ্ধঝাঁপ"
